"arquivo","modelo","solver","algoritmo","status_execucao","status","status_primal","status_dual","raw_status","objetivo","tempo_jump_s","variaveis","restricoes_sem_bounds","restricoes_com_bounds","maxeval","maxtime","tol","constrtol_abs","erro_include","erro_solver","log"
"jump_2/abel_jump.jl","abel_jump","NLopt","LD_SLSQP","OK","LOCALLY_SOLVED","FEASIBLE_POINT","NO_SOLUTION","FTOL_REACHED","225.19458319549267","0.15560603141784668","30","14","16","3000","1800.0","1.0e-7","1.0e-7","","","logs_nlopt_simples_2/abel_jump_nlopt_2.log"
"jump_2/alkyl_jump.jl","alkyl_jump","NLopt","LD_SLSQP","OK","LOCALLY_SOLVED","FEASIBLE_POINT","NO_SOLUTION","FTOL_REACHED","-1.764999646009656","1.0694270133972168","14","7","35","3000","1800.0","1.0e-7","1.0e-7","","","logs_nlopt_simples_2/alkyl_jump_nlopt_2.log"
"jump_2/camshape100_jump.jl","camshape100_jump","NLopt","LD_SLSQP","OK","LOCALLY_SOLVED","FEASIBLE_POINT","NO_SOLUTION","FTOL_REACHED","-4.284147121746709","2.9480819702148438","200","201","597","3000","1800.0","1.0e-7","1.0e-7","","","logs_nlopt_simples_2/camshape100_jump_nlopt_2.log"
"jump_2/camshape200_jump.jl","camshape200_jump","NLopt","LD_SLSQP","OK","ALMOST_LOCALLY_SOLVED","NEARLY_FEASIBLE_POINT","NO_SOLUTION","ROUNDOFF_LIMITED","-3.8657675640195492","14.60627007484436","400","401","1197","3000","1800.0","1.0e-7","1.0e-7","","","logs_nlopt_simples_2/camshape200_jump_nlopt_2.log"
"jump_2/catmix100_jump.jl","catmix100_jump","NLopt","LD_SLSQP","OK","LOCALLY_SOLVED","FEASIBLE_POINT","NO_SOLUTION","FTOL_REACHED","-0.048064770979704706","12.907181024551392","304","201","405","3000","1800.0","1.0e-7","1.0e-7","","","logs_nlopt_simples_2/catmix100_jump_nlopt_2.log"
"jump_2/catmix200_jump.jl","catmix200_jump","NLopt","LD_SLSQP","OK","LOCALLY_SOLVED","FEASIBLE_POINT","NO_SOLUTION","FTOL_REACHED","-0.04804776334312839","97.59218907356262","604","401","805","3000","1800.0","1.0e-7","1.0e-7","","","logs_nlopt_simples_2/catmix200_jump_nlopt_2.log"
"jump_2/chain100_jump.jl","chain100_jump","NLopt","LD_SLSQP","OK","LOCALLY_SOLVED","FEASIBLE_POINT","NO_SOLUTION","FTOL_REACHED","5.069964130404062","2.674415111541748","203","102","104","3000","1800.0","1.0e-7","1.0e-7","","","logs_nlopt_simples_2/chain100_jump_nlopt_2.log"
"jump_2/chain200_jump.jl","chain200_jump","NLopt","LD_SLSQP","OK","LOCALLY_SOLVED","FEASIBLE_POINT","NO_SOLUTION","FTOL_REACHED","5.069720182239368","10.827154874801636","403","202","204","3000","1800.0","1.0e-7","1.0e-7","","","logs_nlopt_simples_2/chain200_jump_nlopt_2.log"
"jump_2/chain400_jump.jl","chain400_jump","NLopt","LD_SLSQP","OK","LOCALLY_SOLVED","FEASIBLE_POINT","NO_SOLUTION","FTOL_REACHED","5.069748714177158","103.66143488883972","803","402","404","3000","1800.0","1.0e-7","1.0e-7","","","logs_nlopt_simples_2/chain400_jump_nlopt_2.log"
"jump_2/chain50_jump.jl","chain50_jump","NLopt","LD_SLSQP","OK","LOCALLY_SOLVED","FEASIBLE_POINT","NO_SOLUTION","FTOL_REACHED","5.072392727914948","1.2956559658050537","103","52","54","3000","1800.0","1.0e-7","1.0e-7","","","logs_nlopt_simples_2/chain50_jump_nlopt_2.log"
"jump_2/chakra_jump.jl","chakra_jump","NLopt","LD_SLSQP","OK","LOCALLY_SOLVED","FEASIBLE_POINT","NO_SOLUTION","FTOL_REACHED","-179.1335362173509","1.1035349369049072","63","42","104","3000","1800.0","1.0e-7","1.0e-7","","","logs_nlopt_simples_2/chakra_jump_nlopt_2.log"
"jump_2/chance_jump.jl","chance_jump","NLopt","LD_SLSQP","OK","LOCALLY_SOLVED","FEASIBLE_POINT","NO_SOLUTION","FTOL_REACHED","29.894378158718734","1.1497390270233154","5","4","8","3000","1800.0","1.0e-7","1.0e-7","","","logs_nlopt_simples_2/chance_jump_nlopt_2.log"
"jump_2/chem_jump.jl","chem_jump","NLopt","LD_SLSQP","OK","LOCALLY_SOLVED","FEASIBLE_POINT","NO_SOLUTION","FTOL_REACHED","-47.706514880567745","1.0795080661773682","12","5","16","3000","1800.0","1.0e-7","1.0e-7","","","logs_nlopt_simples_2/chem_jump_nlopt_2.log"
"jump_2/chenery_jump.jl","chenery_jump","NLopt","LD_SLSQP","OK","LOCALLY_SOLVED","FEASIBLE_POINT","NO_SOLUTION","FTOL_REACHED","-1058.9198556303606","1.1899631023406982","45","39","120","3000","1800.0","1.0e-7","1.0e-7","","","logs_nlopt_simples_2/chenery_jump_nlopt_2.log"
"jump_2/demo7_jump.jl","demo7_jump","NLopt","LD_SLSQP","OK","LOCALLY_SOLVED","FEASIBLE_POINT","NO_SOLUTION","FTOL_REACHED","-1.5890423861980543e6","0.4829599857330322","72","58","124","3000","1800.0","1.0e-7","1.0e-7","","","logs_nlopt_simples_2/demo7_jump_nlopt_2.log"
"jump_2/dispatch_jump.jl","dispatch_jump","NLopt","LD_SLSQP","OK","LOCALLY_SOLVED","FEASIBLE_POINT","NO_SOLUTION","FTOL_REACHED","3155.287926858143","0.24888110160827637","5","3","9","3000","1800.0","1.0e-7","1.0e-7","","","logs_nlopt_simples_2/dispatch_jump_nlopt_2.log"
"jump_2/elec25_jump.jl","elec25_jump","NLopt","LD_SLSQP","OK","ITERATION_LIMIT","UNKNOWN_RESULT_STATUS","NO_SOLUTION","MAXEVAL_REACHED","243.81368407196354","1.52805495262146","76","26","26","3000","1800.0","1.0e-7","1.0e-7","","","logs_nlopt_simples_2/elec25_jump_nlopt_2.log"
"jump_2/elec50_jump.jl","elec50_jump","NLopt","LD_SLSQP","OK","ITERATION_LIMIT","UNKNOWN_RESULT_STATUS","NO_SOLUTION","MAXEVAL_REACHED","1055.264564711929","4.554164886474609","151","51","51","3000","1800.0","1.0e-7","1.0e-7","","","logs_nlopt_simples_2/elec50_jump_nlopt_2.log"
"jump_2/etamac_jump.jl","etamac_jump","NLopt","LD_SLSQP","OK","LOCALLY_SOLVED","FEASIBLE_POINT","NO_SOLUTION","FTOL_REACHED","-15.294293414475932","1.4645369052886963","98","71","159","3000","1800.0","1.0e-7","1.0e-7","","","logs_nlopt_simples_2/etamac_jump_nlopt_2.log"
"jump_2/ex14_1_2_jump.jl","ex14_1_2_jump","NLopt","LD_SLSQP","OK","LOCALLY_SOLVED","FEASIBLE_POINT","NO_SOLUTION","XTOL_REACHED","-1.6444268402125032e-14","1.154116153717041","7","10","20","3000","1800.0","1.0e-7","1.0e-7","","","logs_nlopt_simples_2/ex14_1_2_jump_nlopt_2.log"
"jump_2/ex14_1_3_jump.jl","ex14_1_3_jump","NLopt","LD_SLSQP","OK","LOCALLY_SOLVED","FEASIBLE_POINT","NO_SOLUTION","XTOL_REACHED","5.643059985051805e-16","1.31325101852417","4","5","9","3000","1800.0","1.0e-7","1.0e-7","","","logs_nlopt_simples_2/ex14_1_3_jump_nlopt_2.log"
"jump_2/ex_14_1_4_jump.jl","ex_14_1_4_jump","NLopt","LD_SLSQP","OK","LOCALLY_SOLVED","FEASIBLE_POINT","NO_SOLUTION","XTOL_REACHED","-1.4561970200629645e-14","1.1455109119415283","4","5","9","3000","1800.0","1.0e-7","1.0e-7","","","logs_nlopt_simples_2/ex_14_1_4_jump_nlopt_2.log"
"jump_2/ex_14_1_5_jump.jl","ex_14_1_5_jump","NLopt","LD_SLSQP","OK","LOCALLY_SOLVED","FEASIBLE_POINT","NO_SOLUTION","XTOL_REACHED","-1.0758356436297832e-14","1.1379530429840088","7","7","17","3000","1800.0","1.0e-7","1.0e-7","","","logs_nlopt_simples_2/ex_14_1_5_jump_nlopt_2.log"
"jump_2/ex_14_1_6_jump.jl","ex_14_1_6_jump","NLopt","LD_SLSQP","OK","LOCALLY_SOLVED","FEASIBLE_POINT","NO_SOLUTION","FTOL_REACHED","0.9999999999999999","0.24710488319396973","10","16","32","3000","1800.0","1.0e-7","1.0e-7","","","logs_nlopt_simples_2/ex_14_1_6_jump_nlopt_2.log"
"jump_2/ex_14_1_7_jump.jl","ex_14_1_7_jump","NLopt","LD_SLSQP","OK","LOCALLY_SOLVED","FEASIBLE_POINT","NO_SOLUTION","FTOL_REACHED","0.13499021357569516","1.1792120933532715","11","18","36","3000","1800.0","1.0e-7","1.0e-7","","","logs_nlopt_simples_2/ex_14_1_7_jump_nlopt_2.log"
"jump_2/ex14_1_8_jump.jl","ex14_1_8_jump","NLopt","LD_SLSQP","OK","LOCALLY_SOLVED","FEASIBLE_POINT","NO_SOLUTION","FTOL_REACHED","0.041415885834337605","1.1413848400115967","4","5","9","3000","1800.0","1.0e-7","1.0e-7","","","logs_nlopt_simples_2/ex14_1_8_jump_nlopt_2.log"
"jump_2/ex14_1_9_jump.jl","ex14_1_9_jump","NLopt","LD_SLSQP","OK","LOCALLY_SOLVED","FEASIBLE_POINT","NO_SOLUTION","XTOL_REACHED","1.8290460834270716e-13","1.3021409511566162","3","3","5","3000","1800.0","1.0e-7","1.0e-7","","","logs_nlopt_simples_2/ex14_1_9_jump_nlopt_2.log"
"jump_2/ex2_1_1_jump.jl","ex2_1_1_jump","NLopt","LD_SLSQP","OK","LOCALLY_SOLVED","FEASIBLE_POINT","NO_SOLUTION","FTOL_REACHED","-17.00000000000365","0.24795198440551758","6","2","12","3000","1800.0","1.0e-7","1.0e-7","","","logs_nlopt_simples_2/ex2_1_1_jump_nlopt_2.log"
"jump_2/ex2_1_2_jump.jl","ex2_1_2_jump","NLopt","LD_SLSQP","OK","LOCALLY_SOLVED","FEASIBLE_POINT","NO_SOLUTION","FTOL_REACHED","-213.00000000143967","0.24898719787597656","7","3","14","3000","1800.0","1.0e-7","1.0e-7","","","logs_nlopt_simples_2/ex2_1_2_jump_nlopt_2.log"
"jump_2/ex2_1_3_jump.jl","ex2_1_3_jump","NLopt","LD_SLSQP","OK","LOCALLY_SOLVED","FEASIBLE_POINT","NO_SOLUTION","FTOL_REACHED","-10.10937500003459","0.2503540515899658","14","10","33","3000","1800.0","1.0e-7","1.0e-7","","","logs_nlopt_simples_2/ex2_1_3_jump_nlopt_2.log"
"jump_2/ex2_1_4_jump.jl","ex2_1_4_jump","NLopt","LD_SLSQP","OK","LOCALLY_SOLVED","FEASIBLE_POINT","NO_SOLUTION","FTOL_REACHED","-11.000000000000286","0.24904108047485352","7","6","16","3000","1800.0","1.0e-7","1.0e-7","","","logs_nlopt_simples_2/ex2_1_4_jump_nlopt_2.log"
"jump_2/ex2_1_6_jump.jl","ex2_1_6_jump","NLopt","LD_SLSQP","OK","LOCALLY_SOLVED","FEASIBLE_POINT","NO_SOLUTION","FTOL_REACHED","-39.00000000072576","0.2537209987640381","11","6","26","3000","1800.0","1.0e-7","1.0e-7","","","logs_nlopt_simples_2/ex2_1_6_jump_nlopt_2.log"
"jump_2/ex2_1_7_jump.jl","ex2_1_7_jump","NLopt","LD_SLSQP","OK","LOCALLY_SOLVED","FEASIBLE_POINT","NO_SOLUTION","FTOL_REACHED","-931.9335661464235","0.24676203727722168","21","11","31","3000","1800.0","1.0e-7","1.0e-7","","","logs_nlopt_simples_2/ex2_1_7_jump_nlopt_2.log"
"jump_2/ex2_1_8_jump.jl","ex2_1_8_jump","NLopt","LD_SLSQP","OK","ITERATION_LIMIT","UNKNOWN_RESULT_STATUS","NO_SOLUTION","MAXEVAL_REACHED","20480.705015414307","0.18402981758117676","25","11","59","3000","1800.0","1.0e-7","1.0e-7","","","logs_nlopt_simples_2/ex2_1_8_jump_nlopt_2.log"
"jump_2/ex2_1_9_jump.jl","ex2_1_9_jump","NLopt","LD_SLSQP","OK","LOCALLY_SOLVED","FEASIBLE_POINT","NO_SOLUTION","FTOL_REACHED","-0.37500000000000044","0.16055703163146973","11","2","12","3000","1800.0","1.0e-7","1.0e-7","","","logs_nlopt_simples_2/ex2_1_9_jump_nlopt_2.log"
"jump_2/ex3_1_1_jump.jl","ex3_1_1_jump","NLopt","LD_SLSQP","OK","LOCALLY_SOLVED","FEASIBLE_POINT","NO_SOLUTION","FTOL_REACHED","7049.248032683781","0.252500057220459","9","7","23","3000","1800.0","1.0e-7","1.0e-7","","","logs_nlopt_simples_2/ex3_1_1_jump_nlopt_2.log"
"jump_2/ex3_1_2_jump.jl","ex3_1_2_jump","NLopt","LD_SLSQP","OK","LOCALLY_SOLVED","FEASIBLE_POINT","NO_SOLUTION","FTOL_REACHED","-30665.538671529564","0.24887919425964355","6","7","17","3000","1800.0","1.0e-7","1.0e-7","","","logs_nlopt_simples_2/ex3_1_2_jump_nlopt_2.log"
"jump_2/ex3_1_3_jump.jl","ex3_1_3_jump","NLopt","LD_SLSQP","OK","LOCALLY_SOLVED","FEASIBLE_POINT","NO_SOLUTION","FTOL_REACHED","-262.00000001676676","0.2639780044555664","7","7","17","3000","1800.0","1.0e-7","1.0e-7","","","logs_nlopt_simples_2/ex3_1_3_jump_nlopt_2.log"
"jump_2/ex3_1_4_jump.jl","ex3_1_4_jump","NLopt","LD_SLSQP","OK","LOCALLY_SOLVED","FEASIBLE_POINT","NO_SOLUTION","XTOL_REACHED","-4.000000000000002","0.26690101623535156","4","4","9","3000","1800.0","1.0e-7","1.0e-7","","","logs_nlopt_simples_2/ex3_1_4_jump_nlopt_2.log"
"jump_2/ex4_1_1_jump.jl","ex4_1_1_jump","NLopt","LD_SLSQP","OK","LOCALLY_SOLVED","FEASIBLE_POINT","NO_SOLUTION","FTOL_REACHED","-0.5199780612750043","1.2347218990325928","2","1","3","3000","1800.0","1.0e-7","1.0e-7","","","logs_nlopt_simples_2/ex4_1_1_jump_nlopt_2.log"
"jump_2/ex4_1_2_jump.jl","ex4_1_2_jump","NLopt","LD_SLSQP","OK","LOCALLY_SOLVED","FEASIBLE_POINT","NO_SOLUTION","FTOL_REACHED","-663.500096610505","1.2282581329345703","2","1","3","3000","1800.0","1.0e-7","1.0e-7","","","logs_nlopt_simples_2/ex4_1_2_jump_nlopt_2.log"
"jump_2/ex4_1_3_jump.jl","ex4_1_3_jump","NLopt","LD_SLSQP","OK","LOCALLY_SOLVED","FEASIBLE_POINT","NO_SOLUTION","FTOL_REACHED","-443.67170474112703","1.056915044784546","2","1","3","3000","1800.0","1.0e-7","1.0e-7","","","logs_nlopt_simples_2/ex4_1_3_jump_nlopt_2.log"
"jump_2/ex4_1_5_jump.jl","ex4_1_5_jump","NLopt","LD_SLSQP","OK","LOCALLY_SOLVED","FEASIBLE_POINT","NO_SOLUTION","FTOL_REACHED","0.0","1.2410399913787842","3","1","3","3000","1800.0","1.0e-7","1.0e-7","","","logs_nlopt_simples_2/ex4_1_5_jump_nlopt_2.log"
"jump_2/ex4_1_6_jump.jl","ex4_1_6_jump","NLopt","LD_SLSQP","OK","LOCALLY_SOLVED","FEASIBLE_POINT","NO_SOLUTION","FTOL_REACHED","7.0","1.2385571002960205","2","1","3","3000","1800.0","1.0e-7","1.0e-7","","","logs_nlopt_simples_2/ex4_1_6_jump_nlopt_2.log"
"jump_2/ex4_1_7_jump.jl","ex4_1_7_jump","NLopt","LD_SLSQP","OK","LOCALLY_SOLVED","FEASIBLE_POINT","NO_SOLUTION","FTOL_REACHED","-7.5","1.2142128944396973","2","1","3","3000","1800.0","1.0e-7","1.0e-7","","","logs_nlopt_simples_2/ex4_1_7_jump_nlopt_2.log"
"jump_2/ex4_1_8_jump.jl","ex4_1_8_jump","NLopt","LD_SLSQP","OK","LOCALLY_SOLVED","FEASIBLE_POINT","NO_SOLUTION","FTOL_REACHED","-16.738893190879168","1.0636940002441406","3","2","6","3000","1800.0","1.0e-7","1.0e-7","","","logs_nlopt_simples_2/ex4_1_8_jump_nlopt_2.log"
"jump_2/ex4_1_9_jump.jl","ex4_1_9_jump","NLopt","LD_SLSQP","OK","LOCALLY_SOLVED","FEASIBLE_POINT","NO_SOLUTION","FTOL_REACHED","-5.50801327159527","1.1433911323547363","3","3","7","3000","1800.0","1.0e-7","1.0e-7","","","logs_nlopt_simples_2/ex4_1_9_jump_nlopt_2.log"
"jump_2/ex5_2_2_case1_jump.jl","ex5_2_2_case1_jump","NLopt","LD_SLSQP","OK","LOCALLY_SOLVED","FEASIBLE_POINT","NO_SOLUTION","FTOL_REACHED","0.0","0.2505629062652588","10","7","25","3000","1800.0","1.0e-7","1.0e-7","","","logs_nlopt_simples_2/ex5_2_2_case1_jump_nlopt_2.log"
"jump_2/ex5_2_2_case2_jump.jl","ex5_2_2_case2_jump","NLopt","LD_SLSQP","OK","LOCALLY_SOLVED","FEASIBLE_POINT","NO_SOLUTION","FTOL_REACHED","0.0","0.2490091323852539","10","7","25","3000","1800.0","1.0e-7","1.0e-7","","","logs_nlopt_simples_2/ex5_2_2_case2_jump_nlopt_2.log"
"jump_2/ex5_2_2_case3_jump.jl","ex5_2_2_case3_jump","NLopt","LD_SLSQP","OK","LOCALLY_SOLVED","FEASIBLE_POINT","NO_SOLUTION","FTOL_REACHED","0.0","0.257051944732666","10","7","25","3000","1800.0","1.0e-7","1.0e-7","","","logs_nlopt_simples_2/ex5_2_2_case3_jump_nlopt_2.log"
"jump_2/ex5_2_4_jump.jl","ex5_2_4_jump","NLopt","LD_SLSQP","OK","LOCALLY_SOLVED","FEASIBLE_POINT","NO_SOLUTION","FTOL_REACHED","-450.00000000000017","0.24798297882080078","8","7","21","3000","1800.0","1.0e-7","1.0e-7","","","logs_nlopt_simples_2/ex5_2_4_jump_nlopt_2.log"
"jump_2/ex5_2_5_jump.jl","ex5_2_5_jump","NLopt","LD_SLSQP","OK","OTHER_ERROR","UNKNOWN_RESULT_STATUS","NO_SOLUTION","FAILURE","-285.21078548853166","0.25253987312316895","33","20","84","3000","1800.0","1.0e-7","1.0e-7","","","logs_nlopt_simples_2/ex5_2_5_jump_nlopt_2.log"
"jump_2/ex5_3_2_jump.jl","ex5_3_2_jump","NLopt","LD_SLSQP","OK","ALMOST_LOCALLY_SOLVED","NEARLY_FEASIBLE_POINT","NO_SOLUTION","ROUNDOFF_LIMITED","0.0","0.1649308204650879","23","17","61","3000","1800.0","1.0e-7","1.0e-7","","","logs_nlopt_simples_2/ex5_3_2_jump_nlopt_2.log"
"jump_2/ex5_3_3_jump.jl","ex5_3_3_jump","NLopt","LD_SLSQP","OK","ALMOST_LOCALLY_SOLVED","NEARLY_FEASIBLE_POINT","NO_SOLUTION","ROUNDOFF_LIMITED","0.0","0.16037702560424805","63","54","178","3000","1800.0","1.0e-7","1.0e-7","","","logs_nlopt_simples_2/ex5_3_3_jump_nlopt_2.log"
"jump_2/ex5_4_2_jump.jl","ex5_4_2_jump","NLopt","LD_SLSQP","OK","LOCALLY_SOLVED","FEASIBLE_POINT","NO_SOLUTION","FTOL_REACHED","7512.230174873104","0.2658882141113281","9","7","23","3000","1800.0","1.0e-7","1.0e-7","","","logs_nlopt_simples_2/ex5_4_2_jump_nlopt_2.log"
"jump_2/ex5_4_3_jump.jl","ex5_4_3_jump","NLopt","LD_SLSQP","OK","ALMOST_LOCALLY_SOLVED","NEARLY_FEASIBLE_POINT","NO_SOLUTION","ROUNDOFF_LIMITED","0.0","1.1084470748901367","17","14","46","3000","1800.0","1.0e-7","1.0e-7","","","logs_nlopt_simples_2/ex5_4_3_jump_nlopt_2.log"
"jump_2/ex5_4_4_jump.jl","ex5_4_4_jump","NLopt","LD_SLSQP","OK","ALMOST_LOCALLY_SOLVED","NEARLY_FEASIBLE_POINT","NO_SOLUTION","ROUNDOFF_LIMITED","0.0","1.08595609664917","28","20","74","3000","1800.0","1.0e-7","1.0e-7","","","logs_nlopt_simples_2/ex5_4_4_jump_nlopt_2.log"
"jump_2/ex6_1_1_jump.jl","ex6_1_1_jump","NLopt","LD_SLSQP","ERRO_INCLUDE","","","","","NaN","NaN","","","","3000","1800.0","1.0e-7","1.0e-7","LoadError: UndefVarError: `optimize!` not defined in `Main` | Hint: It looks like two or more modules export different bindings with this name, resulting in ambiguity. Try explicitly importing it from a particular module, or qualifying the name with the module it should come from. | Hint: a global variable of this name also exists in NLopt. | Hint: a global variable of this name also exists in JuMP. | Stacktrace: |  [1] top-level scope |    @ ~/Documentos/otmization/jump_2/ex6_1_1_jump.jl:43 |  [2] include(mapexpr::Function, mod::Module, _path::String) |    @ Base ./Base.jl:307 |  [3] top-level scope |    @ ~/Documentos/otmization/rodar_um_nlopt_2.jl:82 |  [4] include(mod::Module, _path::String) |    @ Base ./Base.jl:306 |  [5] exec_options(opts::Base.JLOptions) |    @ Base ./client.jl:317 |  [6] _start() |    @ Base ./client.jl:550 | in expression starting at /home/rezendegdm/Documentos/otmization/jump_2/ex6_1_1_jump.jl:43","","logs_nlopt_simples_2/ex6_1_1_jump_nlopt_2.log"
"jump_2/ex6_1_2_jump.jl","ex6_1_2_jump","NLopt","LD_SLSQP","ERRO_INCLUDE","","","","","NaN","NaN","","","","3000","1800.0","1.0e-7","1.0e-7","LoadError: UndefVarError: `optimize!` not defined in `Main` | Hint: It looks like two or more modules export different bindings with this name, resulting in ambiguity. Try explicitly importing it from a particular module, or qualifying the name with the module it should come from. | Hint: a global variable of this name also exists in NLopt. | Hint: a global variable of this name also exists in JuMP. | Stacktrace: |  [1] top-level scope |    @ ~/Documentos/otmization/jump_2/ex6_1_2_jump.jl:42 |  [2] include(mapexpr::Function, mod::Module, _path::String) |    @ Base ./Base.jl:307 |  [3] top-level scope |    @ ~/Documentos/otmization/rodar_um_nlopt_2.jl:82 |  [4] include(mod::Module, _path::String) |    @ Base ./Base.jl:306 |  [5] exec_options(opts::Base.JLOptions) |    @ Base ./client.jl:317 |  [6] _start() |    @ Base ./client.jl:550 | in expression starting at /home/rezendegdm/Documentos/otmization/jump_2/ex6_1_2_jump.jl:42","","logs_nlopt_simples_2/ex6_1_2_jump_nlopt_2.log"
"jump_2/ex6_1_3_jump.jl","ex6_1_3_jump","NLopt","LD_SLSQP","ERRO_INCLUDE","","","","","NaN","NaN","","","","3000","1800.0","1.0e-7","1.0e-7","LoadError: UndefVarError: `optimize!` not defined in `Main` | Hint: It looks like two or more modules export different bindings with this name, resulting in ambiguity. Try explicitly importing it from a particular module, or qualifying the name with the module it should come from. | Hint: a global variable of this name also exists in NLopt. | Hint: a global variable of this name also exists in JuMP. | Stacktrace: |  [1] top-level scope |    @ ~/Documentos/otmization/jump_2/ex6_1_3_jump.jl:73 |  [2] include(mapexpr::Function, mod::Module, _path::String) |    @ Base ./Base.jl:307 |  [3] top-level scope |    @ ~/Documentos/otmization/rodar_um_nlopt_2.jl:82 |  [4] include(mod::Module, _path::String) |    @ Base ./Base.jl:306 |  [5] exec_options(opts::Base.JLOptions) |    @ Base ./client.jl:317 |  [6] _start() |    @ Base ./client.jl:550 | in expression starting at /home/rezendegdm/Documentos/otmization/jump_2/ex6_1_3_jump.jl:73","","logs_nlopt_simples_2/ex6_1_3_jump_nlopt_2.log"
"jump_2/ex6_1_4_jump.jl","ex6_1_4_jump","NLopt","LD_SLSQP","ERRO_INCLUDE","","","","","NaN","NaN","","","","3000","1800.0","1.0e-7","1.0e-7","LoadError: UndefVarError: `optimize!` not defined in `Main` | Hint: It looks like two or more modules export different bindings with this name, resulting in ambiguity. Try explicitly importing it from a particular module, or qualifying the name with the module it should come from. | Hint: a global variable of this name also exists in NLopt. | Hint: a global variable of this name also exists in JuMP. | Stacktrace: |  [1] top-level scope |    @ ~/Documentos/otmization/jump_2/ex6_1_4_jump.jl:44 |  [2] include(mapexpr::Function, mod::Module, _path::String) |    @ Base ./Base.jl:307 |  [3] top-level scope |    @ ~/Documentos/otmization/rodar_um_nlopt_2.jl:82 |  [4] include(mod::Module, _path::String) |    @ Base ./Base.jl:306 |  [5] exec_options(opts::Base.JLOptions) |    @ Base ./client.jl:317 |  [6] _start() |    @ Base ./client.jl:550 | in expression starting at /home/rezendegdm/Documentos/otmization/jump_2/ex6_1_4_jump.jl:44","","logs_nlopt_simples_2/ex6_1_4_jump_nlopt_2.log"
"jump_2/gtm_jump.jl","gtm_jump","NLopt","LD_SLSQP","OK","LOCALLY_SOLVED","FEASIBLE_POINT","NO_SOLUTION","FTOL_REACHED","543.5650947881239","1.190821886062622","64","25","124","3000","1800.0","1.0e-7","1.0e-7","","","logs_nlopt_simples_2/gtm_jump_nlopt_2.log"
"jump_2/harker_jump.jl","harker_jump","NLopt","LD_SLSQP","OK","OTHER_ERROR","UNKNOWN_RESULT_STATUS","NO_SOLUTION","FAILURE","1.611515916686075e9","1.0675928592681885","21","8","28","3000","1800.0","1.0e-7","1.0e-7","","","logs_nlopt_simples_2/harker_jump_nlopt_2.log"
"jump_2/haverly_jump.jl","haverly_jump","NLopt","LD_SLSQP","OK","LOCALLY_SOLVED","FEASIBLE_POINT","NO_SOLUTION","FTOL_REACHED","-400.0000000000002","0.24913501739501953","13","10","24","3000","1800.0","1.0e-7","1.0e-7","","","logs_nlopt_simples_2/haverly_jump_nlopt_2.log"
"jump_2/hhfair_jump.jl","hhfair_jump","NLopt","LD_SLSQP","OK","LOCALLY_SOLVED","FEASIBLE_POINT","NO_SOLUTION","FTOL_REACHED","-87.15903183831598","1.206563949584961","30","26","40","3000","1800.0","1.0e-7","1.0e-7","","","logs_nlopt_simples_2/hhfair_jump_nlopt_2.log"
"jump_2/himmel16_jump.jl","himmel16_jump","NLopt","LD_SLSQP","OK","LOCALLY_SOLVED","FEASIBLE_POINT","NO_SOLUTION","FTOL_REACHED","-0.674981445599156","0.25580596923828125","19","22","25","3000","1800.0","1.0e-7","1.0e-7","","","logs_nlopt_simples_2/himmel16_jump_nlopt_2.log"
"jump_2/house_jump.jl","house_jump","NLopt","LD_SLSQP","OK","LOCALLY_SOLVED","FEASIBLE_POINT","NO_SOLUTION","FTOL_REACHED","-4499.999999686725","0.2544839382171631","9","9","14","3000","1800.0","1.0e-7","1.0e-7","","","logs_nlopt_simples_2/house_jump_nlopt_2.log"
"jump_2/immum_jump.jl","immum_jump","NLopt","LD_SLSQP","OK","LOCALLY_SOLVED","FEASIBLE_POINT","NO_SOLUTION","XTOL_REACHED","6.969379265553713e-7","0.16073298454284668","22","8","29","3000","1800.0","1.0e-7","1.0e-7","","","logs_nlopt_simples_2/immum_jump_nlopt_2.log"
"jump_2/Ints100_jump.jl","Ints100_jump","NLopt","LD_SLSQP","OK","LOCALLY_SOLVED","FEASIBLE_POINT","NO_SOLUTION","FTOL_REACHED","0.5546327126721957","52.52164697647095","507","401","611","3000","1800.0","1.0e-7","1.0e-7","","","logs_nlopt_simples_2/Ints100_jump_nlopt_2.log"
"jump_2/Ints50_jump.jl","Ints50_jump","NLopt","LD_SLSQP","OK","LOCALLY_SOLVED","FEASIBLE_POINT","NO_SOLUTION","FTOL_REACHED","0.5546726210502114","6.609330892562866","257","201","311","3000","1800.0","1.0e-7","1.0e-7","","","logs_nlopt_simples_2/Ints50_jump_nlopt_2.log"
"jump_2/launch_jump.jl","launch_jump","NLopt","LD_SLSQP","OK","LOCALLY_SOLVED","FEASIBLE_POINT","NO_SOLUTION","FTOL_REACHED","2257.797557621808","1.4442989826202393","39","29","78","3000","1800.0","1.0e-7","1.0e-7","","","logs_nlopt_simples_2/launch_jump_nlopt_2.log"
"jump_2/least_jump.jl","least_jump","NLopt","LD_SLSQP","OK","LOCALLY_SOLVED","FEASIBLE_POINT","NO_SOLUTION","FTOL_REACHED","14085.139848925555","1.135725975036621","4","1","3","3000","1800.0","1.0e-7","1.0e-7","","","logs_nlopt_simples_2/least_jump_nlopt_2.log"
"jump_2/linear_jump.jl","linear_jump","NLopt","LD_SLSQP","OK","LOCALLY_SOLVED","FEASIBLE_POINT","NO_SOLUTION","FTOL_REACHED","89.00000006402492","1.1570827960968018","25","21","61","3000","1800.0","1.0e-7","1.0e-7","","","logs_nlopt_simples_2/linear_jump_nlopt_2.log"
"jump_2/meanvar_jump.jl","meanvar_jump","NLopt","LD_SLSQP","OK","LOCALLY_SOLVED","FEASIBLE_POINT","NO_SOLUTION","FTOL_REACHED","5.243399074161934","0.1707761287689209","9","3","18","3000","1800.0","1.0e-7","1.0e-7","","","logs_nlopt_simples_2/meanvar_jump_nlopt_2.log"
"jump_2/mhw4d_jump.jl","mhw4d_jump","NLopt","LD_SLSQP","OK","LOCALLY_SOLVED","FEASIBLE_POINT","NO_SOLUTION","FTOL_REACHED","27.8719052207849","1.1705429553985596","6","4","4","3000","1800.0","1.0e-7","1.0e-7","","","logs_nlopt_simples_2/mhw4d_jump_nlopt_2.log"
"jump_2/minlphi_jump.jl","minlphi_jump","NLopt","LD_SLSQP","OK","LOCALLY_SOLVED","FEASIBLE_POINT","NO_SOLUTION","XTOL_REACHED","582.2361420430328","1.4448111057281494","65","80","150","3000","1800.0","1.0e-7","1.0e-7","","","logs_nlopt_simples_2/minlphi_jump_nlopt_2.log"
"jump_2/nemhaus_jump.jl","nemhaus_jump","NLopt","LD_SLSQP","OK","LOCALLY_SOLVED","FEASIBLE_POINT","NO_SOLUTION","FTOL_REACHED","31.0","0.16455817222595215","6","6","11","3000","1800.0","1.0e-7","1.0e-7","","","logs_nlopt_simples_2/nemhaus_jump_nlopt_2.log"
"jump_2/otpop_jump.jl","otpop_jump","NLopt","LD_SLSQP","OK","LOCALLY_SOLVED","FEASIBLE_POINT","NO_SOLUTION","XTOL_REACHED","-3.308266221458367e-8","1.470750093460083","104","77","136","3000","1800.0","1.0e-7","1.0e-7","","","logs_nlopt_simples_2/otpop_jump_nlopt_2.log"
"jump_2/pindyck_jump.jl","pindyck_jump","NLopt","LD_SLSQP","OK","LOCALLY_SOLVED","FEASIBLE_POINT","NO_SOLUTION","FTOL_REACHED","-1170.4861802183932","1.3549540042877197","117","97","197","3000","1800.0","1.0e-7","1.0e-7","","","logs_nlopt_simples_2/pindyck_jump_nlopt_2.log"
"jump_2/pollut_jump.jl","pollut_jump","NLopt","LD_SLSQP","OK","LOCALLY_SOLVED","FEASIBLE_POINT","NO_SOLUTION","FTOL_REACHED","-5.353268628747382e6","1.2339301109313965","43","9","89","3000","1800.0","1.0e-7","1.0e-7","","","logs_nlopt_simples_2/pollut_jump_nlopt_2.log"
"jump_2/polygon25_jump.jl","polygon25_jump","NLopt","LD_SLSQP","OK","LOCALLY_SOLVED","FEASIBLE_POINT","NO_SOLUTION","FTOL_REACHED","-0.7797405489868058","1.2703020572662354","51","325","423","3000","1800.0","1.0e-7","1.0e-7","","","logs_nlopt_simples_2/polygon25_jump_nlopt_2.log"
"jump_2/polygon50_jump.jl","polygon50_jump","NLopt","LD_SLSQP","OK","LOCALLY_SOLVED","FEASIBLE_POINT","NO_SOLUTION","FTOL_REACHED","-0.7840149019802544","2.424197196960449","101","1275","1473","3000","1800.0","1.0e-7","1.0e-7","","","logs_nlopt_simples_2/polygon50_jump_nlopt_2.log"
"jump_2/prolog_jump_2.jl","prolog_jump_2","NLopt","LD_SLSQP","OK","ALMOST_LOCALLY_SOLVED","NEARLY_FEASIBLE_POINT","NO_SOLUTION","ROUNDOFF_LIMITED","-7.105427357600944e30","1.0432507991790771","1","0","0","3000","1800.0","1.0e-7","1.0e-7","","","logs_nlopt_simples_2/prolog_jump_2_nlopt_2.log"
"jump_2/qp1_jump.jl","qp1_jump","NLopt","LD_SLSQP","ERRO_INCLUDE","","","","","NaN","NaN","","","","3000","1800.0","1.0e-7","1.0e-7","LoadError: ParseError: | # Error @ /home/rezendegdm/Documentos/otmization/jump_2/qp1_jump.jl:68:174 | # Restrições | @NLconstraint(model, e1, (- (0.0281500000000001*x[2]*x[2] + 0.0256821428571429*x[2]*x[3] + 0.0167714285714286*x[2]*x[4] + 0.00449999999999996*x[2]*x[5] + 0.00575357142857144 0.0229500000000001*x[2]*x[9] + 0.0339500000000001*x[2]*x[10] + 0.018975*x[2]*x[11] + 0.01125*x[2]*x[12] - 0.0128107142857142*x[2]*x[13] - 0.0135821428571429*x[2]*x[14] + 0.0136035714285715*x[2]*x[15] + 0.121382142857143*x[2]*x[16] + 0.0245428571428572* x[2]*x[17] - 0.000492857142857131*x[2]*x[18] + 0.00890714285714287*x[2]*x[19] + 0.00278928571428574*x[2]*x[20] - 0.00705357142857148*x[2]*x[21] + 0.00964285714285709*x[2]*x[22] + 0.00108214285714287*x[2]*x[23] + 0.00479642857142854*x[2]*x[24] + 0.0160785714285713*x[2]*x[25] + 0.00421785714285711*x[2]*x[26] + 0.00810000000000001*x[2]*x[27] + 0.0635714285714284*x[2]*x[28] - 0.00162142857142863*x[2]*x[29] + 0.0246857142857143*x[2]*x[30] - 0.0173428571428572*x[2]*x[31] + 0.212957142857143* x[2]*x[32] + 0.0971249999999998*x[2]*x[33] + 0.0128321428571428*x[2]*x[34] + 0.0633071428571426*x[2]*x[35] + 0.00425000000000001*x[2]*x[36] + 0.0718178571428574*x[2]*x[37] + 0.00535714285714283*x[2]*x[38] + 0.00418928571428584*x[2]*x[39] + 0.00089285714285711*x[2]*x[40] + 0.0460857142857143*x[2]*x[41] - 0.00650714285714286*x[2]*x[42] + 0.0061071428571428*x[2]*x[43] + 0.0262571428571427*x[2]*x[44] + 0.0435892857142854 0.00358571428571431*x[2]*x[48] + 0.102967857142857*x[2]*x[49] + 0.0128571428571428 x[4] + 0.121961699507389*x[3]*x[5] + 0.020425*x[3]*x[6] + 0.128937068965517*x[3]*x[7] + 0.0036791871921183*x[3]*x[8] + 0.151099137931034*x[3]*x[9] + 0.171092857142857*x[3]* x[10] + 0.135329679802956*x[3]*x[11] + 0.0158374384236453*x[3]*x[12] + 0.0422906403940887*x[3]*x[13] - 0.0430443349753695*x[3]*x[14] + 0.0419793103448276 0.085480541871921*x[3]*x[18] + 0.0426789408866994*x[3]*x[19] + 0.00786342364532027 0.00528940886699508*x[3]*x[23] - 0.016889039408867*x[3]*x[24] - 0.128986206896552* x[3]*x[25] - 0.00838743842364517*x[3]*x[26] - 0.00495073891625612*x[3]*x[27] + 0.299830541871921*x[3]*x[28] + 0.0162682266009851*x[3]*x[29] + 0.073925738916256* x[3]*x[30] - 0.124098275862069*x[3]*x[31] + 0.64849802955665*x[3]*x[32] + 0.11841145320197*x[3]*x[33] + 0.0207647783251233*x[3]*x[34] + 0.0380407635467979* x[3]*x[35] + 0.00880849753694576*x[3]*x[36] + 0.121545566502463*x[3]*x[37] + 0.0480818965517241*x[3]*x[38] - 0.00845394088669949*x[3]*x[39] - 0.0320119...","","logs_nlopt_simples_2/qp1_jump_nlopt_2.log"
"jump_2/qp2_jump.jl","qp2_jump","NLopt","LD_SLSQP","ERRO_INCLUDE","","","","","NaN","NaN","","","","3000","1800.0","1.0e-7","1.0e-7","LoadError: ParseError: | # Error @ /home/rezendegdm/Documentos/otmization/jump_2/qp2_jump.jl:68:419 | # Restrições | @NLconstraint(model, e1, (- (0.0281500000000001*x[2]*x[2] + 0.0513642857142858*x[2]*x[3] + 0.0335428571428573*x[2]*x[4] + 0.00899999999999991*x[2]*x[5] + 0.0115071428571429* x[2]*x[6] + 0.230042857142858*x[2]*x[7] + 0.0147142857142857*x[2]*x[8] - 0.0459000000000002*x[2]*x[9] + 0.0679000000000001*x[2]*x[10] + 0.0379499999999999* x[2]*x[11] + 0.0225*x[2]*x[12] - 0.0256214285714285*x[2]*x[13] - 0.0271642857142857*x[2] 0.0490857142857145*x[2]*x[17] - 0.000985714285714262*x[2]*x[18] + 0.0178142857142857*x[2]*x[19] + 0.00557857142857148*x[2]*x[20] - 0.014107142857143 0.00959285714285709*x[2]*x[24] + 0.0321571428571426*x[2]*x[25] + 0.00843571428571421*x[2]*x[26] + 0.0162*x[2]*x[27] + 0.127142857142857*x[2]*x[28] - 0.00324285714285726*x[2]*x[29] + 0.0493714285714286*x[2]*x[30] - 0.0346857142857144*x[2]*x[31] + 0.425914285714286*x[2]*x[32] + 0.19425*x[2]*x[33] + 0.0256642857142857*x[2]*x[34] + 0.126614285714285*x[2]*x[35] + 0.00850000000000001 0.00837857142857168*x[2]*x[39] + 0.00178571428571422*x[2]*x[40] + 0.0921714285714287*x[2]*x[41] - 0.0130142857142857*x[2]*x[42] + 0.0122142857142856 0.000821428571428605*x[2]*x[46] + 0.0128071428571428*x[2]*x[47] - 0.00717142857142861*x[2]*x[48] + 0.205935714285714*x[2]*x[49] + 0.0257142857142857 x[4] + 0.243923399014778*x[3]*x[5] + 0.04085*x[3]*x[6] + 0.257874137931034*x[3]*x[7] + 0.00735837438423661*x[3]*x[8] + 0.302198275862069*x[3]*x[9] + 0.342185714285715*x[3] 0.0845812807881775*x[3]*x[13] - 0.0860886699507389*x[3]*x[14] + 0.0839586206896551 0.170961083743842*x[3]*x[18] + 0.0853578817733989*x[3]*x[19] + 0.0157268472906405* x[3]*x[20] - 0.0835847290640396*x[3]*x[21] + 0.312437931034482*x[3]*x[22] - 0.0105788177339902*x[3]*x[23] - 0.0337780788177339*x[3]*x[24] - 0.257972413793103* x[3]*x[25] - 0.0167748768472903*x[3]*x[26] - 0.00990147783251224*x[3]*x[27] + 0.599661083743842*x[3]*x[28] + 0.0325364532019703*x[3]*x[29] + 0.147851477832512* x[3]*x[30] - 0.248196551724138*x[3]*x[31] + 1.2969960591133*x[3]*x[32] + 0.23682290640394*x[3]*x[33] + 0.0415295566502465*x[3]*x[34] + 0.0760815270935958* x[3]*x[35] + 0.0176169950738915*x[3]*x[36] + 0.243091133004927*x[3]*x[37] + 0.0961637931034482*x[3]*x[38] - 0.016907881773399*x[3]*x[39] - 0.0640238916256154* x[3]*x[40] + 0.246583004926108*x[3]*x[41] + 0.0494928571428573*x[3]*x[42] - 0.0181371921182268*x[3]*x[43] + 0.0322384236453201*x[3]*x[44] + 0.188787438423645* x[3]*x...","","logs_nlopt_simples_2/qp2_jump_nlopt_2.log"
"jump_2/qp3_jump.jl","qp3_jump","NLopt","LD_SLSQP","OK","LOCALLY_SOLVED","FEASIBLE_POINT","NO_SOLUTION","FTOL_REACHED","0.0008093148357305143","1.3859190940856934","101","53","103","3000","1800.0","1.0e-7","1.0e-7","","","logs_nlopt_simples_2/qp3_jump_nlopt_2.log"
"jump_2/qp4_jump.jl","qp4_jump","NLopt","LD_SLSQP","OK","LOCALLY_SOLVED","FEASIBLE_POINT","NO_SOLUTION","FTOL_REACHED","0.0008093149972496896","1.3276090621948242","80","32","82","3000","1800.0","1.0e-7","1.0e-7","","","logs_nlopt_simples_2/qp4_jump_nlopt_2.log"
"jump_2/qp5_jump.jl","qp5_jump","NLopt","LD_SLSQP","OK","LOCALLY_SOLVED","FEASIBLE_POINT","NO_SOLUTION","FTOL_REACHED","0.43145589662060785","1.28774094581604","109","32","140","3000","1800.0","1.0e-7","1.0e-7","","","logs_nlopt_simples_2/qp5_jump_nlopt_2.log"
"jump_2/ramsey_jump.jl","ramsey_jump","NLopt","LD_SLSQP","OK","LOCALLY_SOLVED","FEASIBLE_POINT","NO_SOLUTION","FTOL_REACHED","-2.48746864244961","1.289189100265503","34","23","66","3000","1800.0","1.0e-7","1.0e-7","","","logs_nlopt_simples_2/ramsey_jump_nlopt_2.log"
"jump_2/rbrock_jump.jl","rbrock_jump","NLopt","LD_SLSQP","OK","LOCALLY_SOLVED","FEASIBLE_POINT","NO_SOLUTION","XTOL_REACHED","-5.804991991678393e-10","1.1835479736328125","3","1","5","3000","1800.0","1.0e-7","1.0e-7","","","logs_nlopt_simples_2/rbrock_jump_nlopt_2.log"
"jump_2/ship_jump.jl","ship_jump","NLopt","LD_SLSQP","ERRO_INCLUDE","","","","","NaN","NaN","","","","3000","1800.0","1.0e-7","1.0e-7","LoadError: UndefVarError: `optimize!` not defined in `Main` | Hint: It looks like two or more modules export different bindings with this name, resulting in ambiguity. Try explicitly importing it from a particular module, or qualifying the name with the module it should come from. | Hint: a global variable of this name also exists in NLopt. | Hint: a global variable of this name also exists in JuMP. | Stacktrace: |  [1] top-level scope |    @ ~/Documentos/otmization/jump_2/ship_jump.jl:57 |  [2] include(mapexpr::Function, mod::Module, _path::String) |    @ Base ./Base.jl:307 |  [3] top-level scope |    @ ~/Documentos/otmization/rodar_um_nlopt_2.jl:82 |  [4] include(mod::Module, _path::String) |    @ Base ./Base.jl:306 |  [5] exec_options(opts::Base.JLOptions) |    @ Base ./client.jl:317 |  [6] _start() |    @ Base ./client.jl:550 | in expression starting at /home/rezendegdm/Documentos/otmization/jump_2/ship_jump.jl:57","","logs_nlopt_simples_2/ship_jump_nlopt_2.log"
"jump_2/srcpm_jump.jl","srcpm_jump","NLopt","LD_SLSQP","ERRO_INCLUDE","","","","","NaN","NaN","","","","3000","1800.0","1.0e-7","1.0e-7","LoadError: UndefVarError: `optimize!` not defined in `Main` | Hint: It looks like two or more modules export different bindings with this name, resulting in ambiguity. Try explicitly importing it from a particular module, or qualifying the name with the module it should come from. | Hint: a global variable of this name also exists in NLopt. | Hint: a global variable of this name also exists in JuMP. | Stacktrace: |  [1] top-level scope |    @ ~/Documentos/otmization/jump_2/srcpm_jump.jl:138 |  [2] include(mapexpr::Function, mod::Module, _path::String) |    @ Base ./Base.jl:307 |  [3] top-level scope |    @ ~/Documentos/otmization/rodar_um_nlopt_2.jl:82 |  [4] include(mod::Module, _path::String) |    @ Base ./Base.jl:306 |  [5] exec_options(opts::Base.JLOptions) |    @ Base ./client.jl:317 |  [6] _start() |    @ Base ./client.jl:550 | in expression starting at /home/rezendegdm/Documentos/otmization/jump_2/srcpm_jump.jl:138","","logs_nlopt_simples_2/srcpm_jump_nlopt_2.log"
"jump_2/turkey_jump.jl","turkey_jump","NLopt","LD_SLSQP","ERRO_INCLUDE","","","","","NaN","NaN","","","","3000","1800.0","1.0e-7","1.0e-7","LoadError: UndefVarError: `optimize!` not defined in `Main` | Hint: It looks like two or more modules export different bindings with this name, resulting in ambiguity. Try explicitly importing it from a particular module, or qualifying the name with the module it should come from. | Hint: a global variable of this name also exists in NLopt. | Hint: a global variable of this name also exists in JuMP. | Stacktrace: |  [1] top-level scope |    @ ~/Documentos/otmization/jump_2/turkey_jump.jl:780 |  [2] include(mapexpr::Function, mod::Module, _path::String) |    @ Base ./Base.jl:307 |  [3] top-level scope |    @ ~/Documentos/otmization/rodar_um_nlopt_2.jl:82 |  [4] include(mod::Module, _path::String) |    @ Base ./Base.jl:306 |  [5] exec_options(opts::Base.JLOptions) |    @ Base ./client.jl:317 |  [6] _start() |    @ Base ./client.jl:550 | in expression starting at /home/rezendegdm/Documentos/otmization/jump_2/turkey_jump.jl:780","","logs_nlopt_simples_2/turkey_jump_nlopt_2.log"
"jump_2/wall_jump.jl","wall_jump","NLopt","LD_SLSQP","ERRO_INCLUDE","","","","","NaN","NaN","","","","3000","1800.0","1.0e-7","1.0e-7","LoadError: UndefVarError: `optimize!` not defined in `Main` | Hint: It looks like two or more modules export different bindings with this name, resulting in ambiguity. Try explicitly importing it from a particular module, or qualifying the name with the module it should come from. | Hint: a global variable of this name also exists in NLopt. | Hint: a global variable of this name also exists in JuMP. | Stacktrace: |  [1] top-level scope |    @ ~/Documentos/otmization/jump_2/wall_jump.jl:30 |  [2] include(mapexpr::Function, mod::Module, _path::String) |    @ Base ./Base.jl:307 |  [3] top-level scope |    @ ~/Documentos/otmization/rodar_um_nlopt_2.jl:82 |  [4] include(mod::Module, _path::String) |    @ Base ./Base.jl:306 |  [5] exec_options(opts::Base.JLOptions) |    @ Base ./client.jl:317 |  [6] _start() |    @ Base ./client.jl:550 | in expression starting at /home/rezendegdm/Documentos/otmization/jump_2/wall_jump.jl:30","","logs_nlopt_simples_2/wall_jump_nlopt_2.log"
"jump_2/water_jump.jl","water_jump","NLopt","LD_SLSQP","ERRO_INCLUDE","","","","","NaN","NaN","","","","3000","1800.0","1.0e-7","1.0e-7","LoadError: UndefVarError: `optimize!` not defined in `Main` | Hint: It looks like two or more modules export different bindings with this name, resulting in ambiguity. Try explicitly importing it from a particular module, or qualifying the name with the module it should come from. | Hint: a global variable of this name also exists in NLopt. | Hint: a global variable of this name also exists in JuMP. | Stacktrace: |  [1] top-level scope |    @ ~/Documentos/otmization/jump_2/water_jump.jl:98 |  [2] include(mapexpr::Function, mod::Module, _path::String) |    @ Base ./Base.jl:307 |  [3] top-level scope |    @ ~/Documentos/otmization/rodar_um_nlopt_2.jl:82 |  [4] include(mod::Module, _path::String) |    @ Base ./Base.jl:306 |  [5] exec_options(opts::Base.JLOptions) |    @ Base ./client.jl:317 |  [6] _start() |    @ Base ./client.jl:550 | in expression starting at /home/rezendegdm/Documentos/otmization/jump_2/water_jump.jl:98","","logs_nlopt_simples_2/water_jump_nlopt_2.log"
