"arquivo","modelo","solver","metodo","status_execucao","status","status_primal","status_dual","raw_status","objetivo","tempo_jump_s","variaveis","restricoes_sem_bounds","restricoes_com_bounds","max_iter","erro_include","erro_solver","log"
"jump_2/abel_jump.jl","abel_jump","Optim","LBFGS","ERRO_SOLVER","OPTIMIZE_NOT_CALLED","NO_SOLUTION","NO_SOLUTION","optimize not called","NaN","8.571276187896729","30","14","16","3000","","StackOverflowError: | Stacktrace: |      [1] optimize(f::OnceDifferentiable{Float64, Vector{Float64}, Float64, Vector{Float64}}, c::TwiceDifferentiableConstraints{OptimMOIExt.var""#c!#c!##0""{MathOptInterface.Nonlinear.Evaluator{MathOptInterface.Nonlinear.ReverseAD.NLPEvaluator}}, OptimMOIExt.var""#jacobian!#jacobian!##0""{Float64, Vector{Float64}, Vector{Tuple{Int64, Int64}}, MathOptInterface.Nonlinear.Evaluator{MathOptInterface.Nonlinear.ReverseAD.NLPEvaluator}}, OptimMOIExt.var""#con_hessian!#con_hessian!##0""{Float64, MathOptInterface.Nonlinear.Evaluator{MathOptInterface.Nonlinear.ReverseAD.NLPEvaluator}}, Float64}, x0::Vector{Float64}, method::LBFGS{Nothing, LineSearches.InitialStatic{Float64}, LineSearches.HagerZhang{Float64, Base.RefValue{Bool}}, Returns{Nothing}}, options::Optim.Options{Float64, Nothing}; inplace::Bool, autodiff::ADTypes.AutoFiniteDiff{Val{:central}, Val{:central}, Val{:hcentral}, Nothing, Nothing, Bool}) |        @ Optim ~/.julia/packages/Optim/4rXX6/src/multivariate/optimize/interface.jl:227 |      [2] optimize(f::OnceDifferentiable{Float64, Vector{Float64}, Float64, Vector{Float64}}, c::TwiceDifferentiableConstraints{OptimMOIExt.var""#c!#c!##0""{MathOptInterface.Nonlinear.Evaluator{MathOptInterface.Nonlinear.ReverseAD.NLPEvaluator}}, OptimMOIExt.var""#jacobian!#jacobian!##0""{Float64, Vector{Float64}, Vector{Tuple{Int64, Int64}}, MathOptInterface.Nonlinear.Evaluator{MathOptInterface.Nonlinear.ReverseAD.NLPEvaluator}}, OptimMOIExt.var""#con_hessian!#con_hessian!##0""{Float64, MathOptInterface.Nonlinear.Evaluator{MathOptInterface.Nonlinear.ReverseAD.NLPEvaluator}}, Float64}, x0::Vector{Float64}, method::LBFGS{Nothing, LineSearches.InitialStatic{Float64}, LineSearches.HagerZhang{Float64, Base.RefValue{Bool}}, Returns{Nothing}}, options::Optim.Options{Float64, Nothing}; inplace::Bool, autodiff::ADTypes.AutoFiniteDiff{Val{:central}, Val{:central}, Val{:hcentral}, Nothing, Nothing, Bool}) |        @ Optim ~/.julia/packages/Optim/4rXX6/src/multivariate/optimize/interface.jl:238 |      [3] optimize(f::OnceDifferentiable{Float64, Vector{Float64}, Float64, Vector{Float64}}, c::TwiceDifferentiableConstraints{OptimMOIExt.var""#c!#c!##0""{MathOptInterface.Nonlinear.Evaluator{MathOptInterface.Nonlinear.ReverseAD.NLPEvaluator}}, OptimMOIExt.var""#jacobian!#jacobian!##0""{Float64, Vector{Float64}, Vector{Tuple{Int64, Int64}}, MathOptInterface.Nonlinear.Evaluator{MathOptInterface.Nonlinear.ReverseAD.NLPEvaluator}}, OptimMOIExt.var""#con_hessian!#con_hessian!##0""...","logs_optim_simples_2/abel_jump_optim_2.log"
"jump_2/alkyl_jump.jl","alkyl_jump","Optim","LBFGS","ERRO_SOLVER","OPTIMIZE_NOT_CALLED","NO_SOLUTION","NO_SOLUTION","optimize not called","NaN","9.077178955078125","14","7","35","3000","","StackOverflowError: | Stacktrace: |      [1] optimize(f::OnceDifferentiable{Float64, Vector{Float64}, Float64, Vector{Float64}}, c::TwiceDifferentiableConstraints{OptimMOIExt.var""#c!#c!##0""{MathOptInterface.Nonlinear.Evaluator{MathOptInterface.Nonlinear.ReverseAD.NLPEvaluator}}, OptimMOIExt.var""#jacobian!#jacobian!##0""{Float64, Vector{Float64}, Vector{Tuple{Int64, Int64}}, MathOptInterface.Nonlinear.Evaluator{MathOptInterface.Nonlinear.ReverseAD.NLPEvaluator}}, OptimMOIExt.var""#con_hessian!#con_hessian!##0""{Float64, MathOptInterface.Nonlinear.Evaluator{MathOptInterface.Nonlinear.ReverseAD.NLPEvaluator}}, Float64}, x0::Vector{Float64}, method::LBFGS{Nothing, LineSearches.InitialStatic{Float64}, LineSearches.HagerZhang{Float64, Base.RefValue{Bool}}, Returns{Nothing}}, options::Optim.Options{Float64, Nothing}; inplace::Bool, autodiff::ADTypes.AutoFiniteDiff{Val{:central}, Val{:central}, Val{:hcentral}, Nothing, Nothing, Bool}) |        @ Optim ~/.julia/packages/Optim/4rXX6/src/multivariate/optimize/interface.jl:238 |      [2] optimize(f::OnceDifferentiable{Float64, Vector{Float64}, Float64, Vector{Float64}}, c::TwiceDifferentiableConstraints{OptimMOIExt.var""#c!#c!##0""{MathOptInterface.Nonlinear.Evaluator{MathOptInterface.Nonlinear.ReverseAD.NLPEvaluator}}, OptimMOIExt.var""#jacobian!#jacobian!##0""{Float64, Vector{Float64}, Vector{Tuple{Int64, Int64}}, MathOptInterface.Nonlinear.Evaluator{MathOptInterface.Nonlinear.ReverseAD.NLPEvaluator}}, OptimMOIExt.var""#con_hessian!#con_hessian!##0""{Float64, MathOptInterface.Nonlinear.Evaluator{MathOptInterface.Nonlinear.ReverseAD.NLPEvaluator}}, Float64}, x0::Vector{Float64}, method::LBFGS{Nothing, LineSearches.InitialStatic{Float64}, LineSearches.HagerZhang{Float64, Base.RefValue{Bool}}, Returns{Nothing}}, options::Optim.Options{Float64, Nothing}) |        @ Optim ~/.julia/packages/Optim/4rXX6/src/multivariate/optimize/interface.jl:227 | --- the above 2 lines are repeated 10892 more times --- |  [21787] optimize!(model::OptimMOIExt.Optimizer{Float64}) |        @ OptimMOIExt ~/.julia/packages/Optim/4rXX6/ext/OptimMOIExt.jl:399 |  [21788] optimize! |        @ ~/.julia/packages/MathOptInterface/iaRBO/src/Bridges/bridge_optimizer.jl:367 [inlined] |  [21789] optimize! |        @ ~/.julia/packages/MathOptInterface/iaRBO/src/MathOptInterface.jl:122 [inlined] |  [21790] optimize!(m::MathOptInterface.Utilities.CachingOptimizer{MathOptInterface.Bridges.LazyBridgeOptimizer{OptimMOIExt.Optimizer{Float64}}, MathOptInterface.Utilities....","logs_optim_simples_2/alkyl_jump_optim_2.log"
"jump_2/camshape100_jump.jl","camshape100_jump","Optim","LBFGS","ERRO_SOLVER","OPTIMIZE_NOT_CALLED","NO_SOLUTION","NO_SOLUTION","optimize not called","NaN","8.8313889503479","200","201","597","3000","","StackOverflowError: | Stacktrace: |      [1] optimize(f::OnceDifferentiable{Float64, Vector{Float64}, Float64, Vector{Float64}}, c::TwiceDifferentiableConstraints{OptimMOIExt.var""#c!#c!##0""{MathOptInterface.Nonlinear.Evaluator{MathOptInterface.Nonlinear.ReverseAD.NLPEvaluator}}, OptimMOIExt.var""#jacobian!#jacobian!##0""{Float64, Vector{Float64}, Vector{Tuple{Int64, Int64}}, MathOptInterface.Nonlinear.Evaluator{MathOptInterface.Nonlinear.ReverseAD.NLPEvaluator}}, OptimMOIExt.var""#con_hessian!#con_hessian!##0""{Float64, MathOptInterface.Nonlinear.Evaluator{MathOptInterface.Nonlinear.ReverseAD.NLPEvaluator}}, Float64}, x0::Vector{Float64}, method::LBFGS{Nothing, LineSearches.InitialStatic{Float64}, LineSearches.HagerZhang{Float64, Base.RefValue{Bool}}, Returns{Nothing}}, options::Optim.Options{Float64, Nothing}; inplace::Bool, autodiff::ADTypes.AutoFiniteDiff{Val{:central}, Val{:central}, Val{:hcentral}, Nothing, Nothing, Bool}) |        @ Optim ~/.julia/packages/Optim/4rXX6/src/multivariate/optimize/interface.jl:227 |      [2] optimize(f::OnceDifferentiable{Float64, Vector{Float64}, Float64, Vector{Float64}}, c::TwiceDifferentiableConstraints{OptimMOIExt.var""#c!#c!##0""{MathOptInterface.Nonlinear.Evaluator{MathOptInterface.Nonlinear.ReverseAD.NLPEvaluator}}, OptimMOIExt.var""#jacobian!#jacobian!##0""{Float64, Vector{Float64}, Vector{Tuple{Int64, Int64}}, MathOptInterface.Nonlinear.Evaluator{MathOptInterface.Nonlinear.ReverseAD.NLPEvaluator}}, OptimMOIExt.var""#con_hessian!#con_hessian!##0""{Float64, MathOptInterface.Nonlinear.Evaluator{MathOptInterface.Nonlinear.ReverseAD.NLPEvaluator}}, Float64}, x0::Vector{Float64}, method::LBFGS{Nothing, LineSearches.InitialStatic{Float64}, LineSearches.HagerZhang{Float64, Base.RefValue{Bool}}, Returns{Nothing}}, options::Optim.Options{Float64, Nothing}; inplace::Bool, autodiff::ADTypes.AutoFiniteDiff{Val{:central}, Val{:central}, Val{:hcentral}, Nothing, Nothing, Bool}) |        @ Optim ~/.julia/packages/Optim/4rXX6/src/multivariate/optimize/interface.jl:238 |      [3] optimize(f::OnceDifferentiable{Float64, Vector{Float64}, Float64, Vector{Float64}}, c::TwiceDifferentiableConstraints{OptimMOIExt.var""#c!#c!##0""{MathOptInterface.Nonlinear.Evaluator{MathOptInterface.Nonlinear.ReverseAD.NLPEvaluator}}, OptimMOIExt.var""#jacobian!#jacobian!##0""{Float64, Vector{Float64}, Vector{Tuple{Int64, Int64}}, MathOptInterface.Nonlinear.Evaluator{MathOptInterface.Nonlinear.ReverseAD.NLPEvaluator}}, OptimMOIExt.var""#con_hessian!#con_hessian!##0""...","logs_optim_simples_2/camshape100_jump_optim_2.log"
"jump_2/camshape200_jump.jl","camshape200_jump","Optim","LBFGS","ERRO_SOLVER","OPTIMIZE_NOT_CALLED","NO_SOLUTION","NO_SOLUTION","optimize not called","NaN","8.806790828704834","400","401","1197","3000","","StackOverflowError: | Stacktrace: |      [1] optimize(f::OnceDifferentiable{Float64, Vector{Float64}, Float64, Vector{Float64}}, c::TwiceDifferentiableConstraints{OptimMOIExt.var""#c!#c!##0""{MathOptInterface.Nonlinear.Evaluator{MathOptInterface.Nonlinear.ReverseAD.NLPEvaluator}}, OptimMOIExt.var""#jacobian!#jacobian!##0""{Float64, Vector{Float64}, Vector{Tuple{Int64, Int64}}, MathOptInterface.Nonlinear.Evaluator{MathOptInterface.Nonlinear.ReverseAD.NLPEvaluator}}, OptimMOIExt.var""#con_hessian!#con_hessian!##0""{Float64, MathOptInterface.Nonlinear.Evaluator{MathOptInterface.Nonlinear.ReverseAD.NLPEvaluator}}, Float64}, x0::Vector{Float64}, method::LBFGS{Nothing, LineSearches.InitialStatic{Float64}, LineSearches.HagerZhang{Float64, Base.RefValue{Bool}}, Returns{Nothing}}, options::Optim.Options{Float64, Nothing}) |        @ Optim ~/.julia/packages/Optim/4rXX6/src/multivariate/optimize/interface.jl:227 |      [2] optimize(f::OnceDifferentiable{Float64, Vector{Float64}, Float64, Vector{Float64}}, c::TwiceDifferentiableConstraints{OptimMOIExt.var""#c!#c!##0""{MathOptInterface.Nonlinear.Evaluator{MathOptInterface.Nonlinear.ReverseAD.NLPEvaluator}}, OptimMOIExt.var""#jacobian!#jacobian!##0""{Float64, Vector{Float64}, Vector{Tuple{Int64, Int64}}, MathOptInterface.Nonlinear.Evaluator{MathOptInterface.Nonlinear.ReverseAD.NLPEvaluator}}, OptimMOIExt.var""#con_hessian!#con_hessian!##0""{Float64, MathOptInterface.Nonlinear.Evaluator{MathOptInterface.Nonlinear.ReverseAD.NLPEvaluator}}, Float64}, x0::Vector{Float64}, method::LBFGS{Nothing, LineSearches.InitialStatic{Float64}, LineSearches.HagerZhang{Float64, Base.RefValue{Bool}}, Returns{Nothing}}, options::Optim.Options{Float64, Nothing}; inplace::Bool, autodiff::ADTypes.AutoFiniteDiff{Val{:central}, Val{:central}, Val{:hcentral}, Nothing, Nothing, Bool}) |        @ Optim ~/.julia/packages/Optim/4rXX6/src/multivariate/optimize/interface.jl:238 | --- the above 2 lines are repeated 10900 more times --- |  [21803] optimize(f::OnceDifferentiable{Float64, Vector{Float64}, Float64, Vector{Float64}}, c::TwiceDifferentiableConstraints{OptimMOIExt.var""#c!#c!##0""{MathOptInterface.Nonlinear.Evaluator{MathOptInterface.Nonlinear.ReverseAD.NLPEvaluator}}, OptimMOIExt.var""#jacobian!#jacobian!##0""{Float64, Vector{Float64}, Vector{Tuple{Int64, Int64}}, MathOptInterface.Nonlinear.Evaluator{MathOptInterface.Nonlinear.ReverseAD.NLPEvaluator}}, OptimMOIExt.var""#con_hessian!#con_hessian!##0""{Float64, MathOptInterface.Nonlinear.Evaluator{MathOptInterfa...","logs_optim_simples_2/camshape200_jump_optim_2.log"
"jump_2/catmix100_jump.jl","catmix100_jump","Optim","LBFGS","ERRO_SOLVER","OPTIMIZE_NOT_CALLED","NO_SOLUTION","NO_SOLUTION","optimize not called","NaN","8.731803894042969","304","201","405","3000","","StackOverflowError: | Stacktrace: |      [1] optimize(f::OnceDifferentiable{Float64, Vector{Float64}, Float64, Vector{Float64}}, c::TwiceDifferentiableConstraints{OptimMOIExt.var""#c!#c!##0""{MathOptInterface.Nonlinear.Evaluator{MathOptInterface.Nonlinear.ReverseAD.NLPEvaluator}}, OptimMOIExt.var""#jacobian!#jacobian!##0""{Float64, Vector{Float64}, Vector{Tuple{Int64, Int64}}, MathOptInterface.Nonlinear.Evaluator{MathOptInterface.Nonlinear.ReverseAD.NLPEvaluator}}, OptimMOIExt.var""#con_hessian!#con_hessian!##0""{Float64, MathOptInterface.Nonlinear.Evaluator{MathOptInterface.Nonlinear.ReverseAD.NLPEvaluator}}, Float64}, x0::Vector{Float64}, method::LBFGS{Nothing, LineSearches.InitialStatic{Float64}, LineSearches.HagerZhang{Float64, Base.RefValue{Bool}}, Returns{Nothing}}, options::Optim.Options{Float64, Nothing}; inplace::Bool, autodiff::ADTypes.AutoFiniteDiff{Val{:central}, Val{:central}, Val{:hcentral}, Nothing, Nothing, Bool}) |        @ Optim ~/.julia/packages/Optim/4rXX6/src/multivariate/optimize/interface.jl:238 |      [2] optimize(f::OnceDifferentiable{Float64, Vector{Float64}, Float64, Vector{Float64}}, c::TwiceDifferentiableConstraints{OptimMOIExt.var""#c!#c!##0""{MathOptInterface.Nonlinear.Evaluator{MathOptInterface.Nonlinear.ReverseAD.NLPEvaluator}}, OptimMOIExt.var""#jacobian!#jacobian!##0""{Float64, Vector{Float64}, Vector{Tuple{Int64, Int64}}, MathOptInterface.Nonlinear.Evaluator{MathOptInterface.Nonlinear.ReverseAD.NLPEvaluator}}, OptimMOIExt.var""#con_hessian!#con_hessian!##0""{Float64, MathOptInterface.Nonlinear.Evaluator{MathOptInterface.Nonlinear.ReverseAD.NLPEvaluator}}, Float64}, x0::Vector{Float64}, method::LBFGS{Nothing, LineSearches.InitialStatic{Float64}, LineSearches.HagerZhang{Float64, Base.RefValue{Bool}}, Returns{Nothing}}, options::Optim.Options{Float64, Nothing}) |        @ Optim ~/.julia/packages/Optim/4rXX6/src/multivariate/optimize/interface.jl:227 | --- the above 2 lines are repeated 10891 more times --- |  [21785] optimize!(model::OptimMOIExt.Optimizer{Float64}) |        @ OptimMOIExt ~/.julia/packages/Optim/4rXX6/ext/OptimMOIExt.jl:399 |  [21786] optimize! |        @ ~/.julia/packages/MathOptInterface/iaRBO/src/Bridges/bridge_optimizer.jl:367 [inlined] |  [21787] optimize! |        @ ~/.julia/packages/MathOptInterface/iaRBO/src/MathOptInterface.jl:122 [inlined] |  [21788] optimize!(m::MathOptInterface.Utilities.CachingOptimizer{MathOptInterface.Bridges.LazyBridgeOptimizer{OptimMOIExt.Optimizer{Float64}}, MathOptInterface.Utilities....","logs_optim_simples_2/catmix100_jump_optim_2.log"
"jump_2/catmix200_jump.jl","catmix200_jump","Optim","LBFGS","ERRO_SOLVER","OPTIMIZE_NOT_CALLED","NO_SOLUTION","NO_SOLUTION","optimize not called","NaN","8.822091102600098","604","401","805","3000","","StackOverflowError: | Stacktrace: |      [1] optimize(f::OnceDifferentiable{Float64, Vector{Float64}, Float64, Vector{Float64}}, c::TwiceDifferentiableConstraints{OptimMOIExt.var""#c!#c!##0""{MathOptInterface.Nonlinear.Evaluator{MathOptInterface.Nonlinear.ReverseAD.NLPEvaluator}}, OptimMOIExt.var""#jacobian!#jacobian!##0""{Float64, Vector{Float64}, Vector{Tuple{Int64, Int64}}, MathOptInterface.Nonlinear.Evaluator{MathOptInterface.Nonlinear.ReverseAD.NLPEvaluator}}, OptimMOIExt.var""#con_hessian!#con_hessian!##0""{Float64, MathOptInterface.Nonlinear.Evaluator{MathOptInterface.Nonlinear.ReverseAD.NLPEvaluator}}, Float64}, x0::Vector{Float64}, method::LBFGS{Nothing, LineSearches.InitialStatic{Float64}, LineSearches.HagerZhang{Float64, Base.RefValue{Bool}}, Returns{Nothing}}, options::Optim.Options{Float64, Nothing}) |        @ Optim ~/.julia/packages/Optim/4rXX6/src/multivariate/optimize/interface.jl:227 |      [2] optimize(f::OnceDifferentiable{Float64, Vector{Float64}, Float64, Vector{Float64}}, c::TwiceDifferentiableConstraints{OptimMOIExt.var""#c!#c!##0""{MathOptInterface.Nonlinear.Evaluator{MathOptInterface.Nonlinear.ReverseAD.NLPEvaluator}}, OptimMOIExt.var""#jacobian!#jacobian!##0""{Float64, Vector{Float64}, Vector{Tuple{Int64, Int64}}, MathOptInterface.Nonlinear.Evaluator{MathOptInterface.Nonlinear.ReverseAD.NLPEvaluator}}, OptimMOIExt.var""#con_hessian!#con_hessian!##0""{Float64, MathOptInterface.Nonlinear.Evaluator{MathOptInterface.Nonlinear.ReverseAD.NLPEvaluator}}, Float64}, x0::Vector{Float64}, method::LBFGS{Nothing, LineSearches.InitialStatic{Float64}, LineSearches.HagerZhang{Float64, Base.RefValue{Bool}}, Returns{Nothing}}, options::Optim.Options{Float64, Nothing}; inplace::Bool, autodiff::ADTypes.AutoFiniteDiff{Val{:central}, Val{:central}, Val{:hcentral}, Nothing, Nothing, Bool}) |        @ Optim ~/.julia/packages/Optim/4rXX6/src/multivariate/optimize/interface.jl:238 | --- the above 2 lines are repeated 10891 more times --- |  [21785] optimize(f::OnceDifferentiable{Float64, Vector{Float64}, Float64, Vector{Float64}}, c::TwiceDifferentiableConstraints{OptimMOIExt.var""#c!#c!##0""{MathOptInterface.Nonlinear.Evaluator{MathOptInterface.Nonlinear.ReverseAD.NLPEvaluator}}, OptimMOIExt.var""#jacobian!#jacobian!##0""{Float64, Vector{Float64}, Vector{Tuple{Int64, Int64}}, MathOptInterface.Nonlinear.Evaluator{MathOptInterface.Nonlinear.ReverseAD.NLPEvaluator}}, OptimMOIExt.var""#con_hessian!#con_hessian!##0""{Float64, MathOptInterface.Nonlinear.Evaluator{MathOptInterfa...","logs_optim_simples_2/catmix200_jump_optim_2.log"
"jump_2/chain100_jump.jl","chain100_jump","Optim","LBFGS","ERRO_SOLVER","OPTIMIZE_NOT_CALLED","NO_SOLUTION","NO_SOLUTION","optimize not called","NaN","8.756920099258423","203","102","104","3000","","StackOverflowError: | Stacktrace: |      [1] optimize(f::OnceDifferentiable{Float64, Vector{Float64}, Float64, Vector{Float64}}, c::TwiceDifferentiableConstraints{OptimMOIExt.var""#c!#c!##0""{MathOptInterface.Nonlinear.Evaluator{MathOptInterface.Nonlinear.ReverseAD.NLPEvaluator}}, OptimMOIExt.var""#jacobian!#jacobian!##0""{Float64, Vector{Float64}, Vector{Tuple{Int64, Int64}}, MathOptInterface.Nonlinear.Evaluator{MathOptInterface.Nonlinear.ReverseAD.NLPEvaluator}}, OptimMOIExt.var""#con_hessian!#con_hessian!##0""{Float64, MathOptInterface.Nonlinear.Evaluator{MathOptInterface.Nonlinear.ReverseAD.NLPEvaluator}}, Float64}, x0::Vector{Float64}, method::LBFGS{Nothing, LineSearches.InitialStatic{Float64}, LineSearches.HagerZhang{Float64, Base.RefValue{Bool}}, Returns{Nothing}}, options::Optim.Options{Float64, Nothing}; inplace::Bool, autodiff::ADTypes.AutoFiniteDiff{Val{:central}, Val{:central}, Val{:hcentral}, Nothing, Nothing, Bool}) |        @ Optim ~/.julia/packages/Optim/4rXX6/src/multivariate/optimize/interface.jl:227 |      [2] optimize(f::OnceDifferentiable{Float64, Vector{Float64}, Float64, Vector{Float64}}, c::TwiceDifferentiableConstraints{OptimMOIExt.var""#c!#c!##0""{MathOptInterface.Nonlinear.Evaluator{MathOptInterface.Nonlinear.ReverseAD.NLPEvaluator}}, OptimMOIExt.var""#jacobian!#jacobian!##0""{Float64, Vector{Float64}, Vector{Tuple{Int64, Int64}}, MathOptInterface.Nonlinear.Evaluator{MathOptInterface.Nonlinear.ReverseAD.NLPEvaluator}}, OptimMOIExt.var""#con_hessian!#con_hessian!##0""{Float64, MathOptInterface.Nonlinear.Evaluator{MathOptInterface.Nonlinear.ReverseAD.NLPEvaluator}}, Float64}, x0::Vector{Float64}, method::LBFGS{Nothing, LineSearches.InitialStatic{Float64}, LineSearches.HagerZhang{Float64, Base.RefValue{Bool}}, Returns{Nothing}}, options::Optim.Options{Float64, Nothing}; inplace::Bool, autodiff::ADTypes.AutoFiniteDiff{Val{:central}, Val{:central}, Val{:hcentral}, Nothing, Nothing, Bool}) |        @ Optim ~/.julia/packages/Optim/4rXX6/src/multivariate/optimize/interface.jl:238 |      [3] optimize(f::OnceDifferentiable{Float64, Vector{Float64}, Float64, Vector{Float64}}, c::TwiceDifferentiableConstraints{OptimMOIExt.var""#c!#c!##0""{MathOptInterface.Nonlinear.Evaluator{MathOptInterface.Nonlinear.ReverseAD.NLPEvaluator}}, OptimMOIExt.var""#jacobian!#jacobian!##0""{Float64, Vector{Float64}, Vector{Tuple{Int64, Int64}}, MathOptInterface.Nonlinear.Evaluator{MathOptInterface.Nonlinear.ReverseAD.NLPEvaluator}}, OptimMOIExt.var""#con_hessian!#con_hessian!##0""...","logs_optim_simples_2/chain100_jump_optim_2.log"
"jump_2/chain200_jump.jl","chain200_jump","Optim","LBFGS","ERRO_SOLVER","OPTIMIZE_NOT_CALLED","NO_SOLUTION","NO_SOLUTION","optimize not called","NaN","8.726080894470215","403","202","204","3000","","StackOverflowError: | Stacktrace: |      [1] optimize(f::OnceDifferentiable{Float64, Vector{Float64}, Float64, Vector{Float64}}, c::TwiceDifferentiableConstraints{OptimMOIExt.var""#c!#c!##0""{MathOptInterface.Nonlinear.Evaluator{MathOptInterface.Nonlinear.ReverseAD.NLPEvaluator}}, OptimMOIExt.var""#jacobian!#jacobian!##0""{Float64, Vector{Float64}, Vector{Tuple{Int64, Int64}}, MathOptInterface.Nonlinear.Evaluator{MathOptInterface.Nonlinear.ReverseAD.NLPEvaluator}}, OptimMOIExt.var""#con_hessian!#con_hessian!##0""{Float64, MathOptInterface.Nonlinear.Evaluator{MathOptInterface.Nonlinear.ReverseAD.NLPEvaluator}}, Float64}, x0::Vector{Float64}, method::LBFGS{Nothing, LineSearches.InitialStatic{Float64}, LineSearches.HagerZhang{Float64, Base.RefValue{Bool}}, Returns{Nothing}}, options::Optim.Options{Float64, Nothing}) |        @ Optim ~/.julia/packages/Optim/4rXX6/src/multivariate/optimize/interface.jl:227 |      [2] optimize(f::OnceDifferentiable{Float64, Vector{Float64}, Float64, Vector{Float64}}, c::TwiceDifferentiableConstraints{OptimMOIExt.var""#c!#c!##0""{MathOptInterface.Nonlinear.Evaluator{MathOptInterface.Nonlinear.ReverseAD.NLPEvaluator}}, OptimMOIExt.var""#jacobian!#jacobian!##0""{Float64, Vector{Float64}, Vector{Tuple{Int64, Int64}}, MathOptInterface.Nonlinear.Evaluator{MathOptInterface.Nonlinear.ReverseAD.NLPEvaluator}}, OptimMOIExt.var""#con_hessian!#con_hessian!##0""{Float64, MathOptInterface.Nonlinear.Evaluator{MathOptInterface.Nonlinear.ReverseAD.NLPEvaluator}}, Float64}, x0::Vector{Float64}, method::LBFGS{Nothing, LineSearches.InitialStatic{Float64}, LineSearches.HagerZhang{Float64, Base.RefValue{Bool}}, Returns{Nothing}}, options::Optim.Options{Float64, Nothing}; inplace::Bool, autodiff::ADTypes.AutoFiniteDiff{Val{:central}, Val{:central}, Val{:hcentral}, Nothing, Nothing, Bool}) |        @ Optim ~/.julia/packages/Optim/4rXX6/src/multivariate/optimize/interface.jl:238 | --- the above 2 lines are repeated 10897 more times --- |  [21797] optimize(f::OnceDifferentiable{Float64, Vector{Float64}, Float64, Vector{Float64}}, c::TwiceDifferentiableConstraints{OptimMOIExt.var""#c!#c!##0""{MathOptInterface.Nonlinear.Evaluator{MathOptInterface.Nonlinear.ReverseAD.NLPEvaluator}}, OptimMOIExt.var""#jacobian!#jacobian!##0""{Float64, Vector{Float64}, Vector{Tuple{Int64, Int64}}, MathOptInterface.Nonlinear.Evaluator{MathOptInterface.Nonlinear.ReverseAD.NLPEvaluator}}, OptimMOIExt.var""#con_hessian!#con_hessian!##0""{Float64, MathOptInterface.Nonlinear.Evaluator{MathOptInterfa...","logs_optim_simples_2/chain200_jump_optim_2.log"
"jump_2/chain400_jump.jl","chain400_jump","Optim","LBFGS","ERRO_SOLVER","OPTIMIZE_NOT_CALLED","NO_SOLUTION","NO_SOLUTION","optimize not called","NaN","8.748040914535522","803","402","404","3000","","StackOverflowError: | Stacktrace: |      [1] optimize(f::OnceDifferentiable{Float64, Vector{Float64}, Float64, Vector{Float64}}, c::TwiceDifferentiableConstraints{OptimMOIExt.var""#c!#c!##0""{MathOptInterface.Nonlinear.Evaluator{MathOptInterface.Nonlinear.ReverseAD.NLPEvaluator}}, OptimMOIExt.var""#jacobian!#jacobian!##0""{Float64, Vector{Float64}, Vector{Tuple{Int64, Int64}}, MathOptInterface.Nonlinear.Evaluator{MathOptInterface.Nonlinear.ReverseAD.NLPEvaluator}}, OptimMOIExt.var""#con_hessian!#con_hessian!##0""{Float64, MathOptInterface.Nonlinear.Evaluator{MathOptInterface.Nonlinear.ReverseAD.NLPEvaluator}}, Float64}, x0::Vector{Float64}, method::LBFGS{Nothing, LineSearches.InitialStatic{Float64}, LineSearches.HagerZhang{Float64, Base.RefValue{Bool}}, Returns{Nothing}}, options::Optim.Options{Float64, Nothing}; inplace::Bool, autodiff::ADTypes.AutoFiniteDiff{Val{:central}, Val{:central}, Val{:hcentral}, Nothing, Nothing, Bool}) |        @ Optim ~/.julia/packages/Optim/4rXX6/src/multivariate/optimize/interface.jl:227 |      [2] optimize(f::OnceDifferentiable{Float64, Vector{Float64}, Float64, Vector{Float64}}, c::TwiceDifferentiableConstraints{OptimMOIExt.var""#c!#c!##0""{MathOptInterface.Nonlinear.Evaluator{MathOptInterface.Nonlinear.ReverseAD.NLPEvaluator}}, OptimMOIExt.var""#jacobian!#jacobian!##0""{Float64, Vector{Float64}, Vector{Tuple{Int64, Int64}}, MathOptInterface.Nonlinear.Evaluator{MathOptInterface.Nonlinear.ReverseAD.NLPEvaluator}}, OptimMOIExt.var""#con_hessian!#con_hessian!##0""{Float64, MathOptInterface.Nonlinear.Evaluator{MathOptInterface.Nonlinear.ReverseAD.NLPEvaluator}}, Float64}, x0::Vector{Float64}, method::LBFGS{Nothing, LineSearches.InitialStatic{Float64}, LineSearches.HagerZhang{Float64, Base.RefValue{Bool}}, Returns{Nothing}}, options::Optim.Options{Float64, Nothing}; inplace::Bool, autodiff::ADTypes.AutoFiniteDiff{Val{:central}, Val{:central}, Val{:hcentral}, Nothing, Nothing, Bool}) |        @ Optim ~/.julia/packages/Optim/4rXX6/src/multivariate/optimize/interface.jl:238 |      [3] optimize(f::OnceDifferentiable{Float64, Vector{Float64}, Float64, Vector{Float64}}, c::TwiceDifferentiableConstraints{OptimMOIExt.var""#c!#c!##0""{MathOptInterface.Nonlinear.Evaluator{MathOptInterface.Nonlinear.ReverseAD.NLPEvaluator}}, OptimMOIExt.var""#jacobian!#jacobian!##0""{Float64, Vector{Float64}, Vector{Tuple{Int64, Int64}}, MathOptInterface.Nonlinear.Evaluator{MathOptInterface.Nonlinear.ReverseAD.NLPEvaluator}}, OptimMOIExt.var""#con_hessian!#con_hessian!##0""...","logs_optim_simples_2/chain400_jump_optim_2.log"
"jump_2/chain50_jump.jl","chain50_jump","Optim","LBFGS","ERRO_SOLVER","OPTIMIZE_NOT_CALLED","NO_SOLUTION","NO_SOLUTION","optimize not called","NaN","8.805711030960083","103","52","54","3000","","StackOverflowError: | Stacktrace: |      [1] optimize(f::OnceDifferentiable{Float64, Vector{Float64}, Float64, Vector{Float64}}, c::TwiceDifferentiableConstraints{OptimMOIExt.var""#c!#c!##0""{MathOptInterface.Nonlinear.Evaluator{MathOptInterface.Nonlinear.ReverseAD.NLPEvaluator}}, OptimMOIExt.var""#jacobian!#jacobian!##0""{Float64, Vector{Float64}, Vector{Tuple{Int64, Int64}}, MathOptInterface.Nonlinear.Evaluator{MathOptInterface.Nonlinear.ReverseAD.NLPEvaluator}}, OptimMOIExt.var""#con_hessian!#con_hessian!##0""{Float64, MathOptInterface.Nonlinear.Evaluator{MathOptInterface.Nonlinear.ReverseAD.NLPEvaluator}}, Float64}, x0::Vector{Float64}, method::LBFGS{Nothing, LineSearches.InitialStatic{Float64}, LineSearches.HagerZhang{Float64, Base.RefValue{Bool}}, Returns{Nothing}}, options::Optim.Options{Float64, Nothing}; inplace::Bool, autodiff::ADTypes.AutoFiniteDiff{Val{:central}, Val{:central}, Val{:hcentral}, Nothing, Nothing, Bool}) |        @ Optim ~/.julia/packages/Optim/4rXX6/src/multivariate/optimize/interface.jl:227 |      [2] optimize(f::OnceDifferentiable{Float64, Vector{Float64}, Float64, Vector{Float64}}, c::TwiceDifferentiableConstraints{OptimMOIExt.var""#c!#c!##0""{MathOptInterface.Nonlinear.Evaluator{MathOptInterface.Nonlinear.ReverseAD.NLPEvaluator}}, OptimMOIExt.var""#jacobian!#jacobian!##0""{Float64, Vector{Float64}, Vector{Tuple{Int64, Int64}}, MathOptInterface.Nonlinear.Evaluator{MathOptInterface.Nonlinear.ReverseAD.NLPEvaluator}}, OptimMOIExt.var""#con_hessian!#con_hessian!##0""{Float64, MathOptInterface.Nonlinear.Evaluator{MathOptInterface.Nonlinear.ReverseAD.NLPEvaluator}}, Float64}, x0::Vector{Float64}, method::LBFGS{Nothing, LineSearches.InitialStatic{Float64}, LineSearches.HagerZhang{Float64, Base.RefValue{Bool}}, Returns{Nothing}}, options::Optim.Options{Float64, Nothing}; inplace::Bool, autodiff::ADTypes.AutoFiniteDiff{Val{:central}, Val{:central}, Val{:hcentral}, Nothing, Nothing, Bool}) |        @ Optim ~/.julia/packages/Optim/4rXX6/src/multivariate/optimize/interface.jl:238 |      [3] optimize(f::OnceDifferentiable{Float64, Vector{Float64}, Float64, Vector{Float64}}, c::TwiceDifferentiableConstraints{OptimMOIExt.var""#c!#c!##0""{MathOptInterface.Nonlinear.Evaluator{MathOptInterface.Nonlinear.ReverseAD.NLPEvaluator}}, OptimMOIExt.var""#jacobian!#jacobian!##0""{Float64, Vector{Float64}, Vector{Tuple{Int64, Int64}}, MathOptInterface.Nonlinear.Evaluator{MathOptInterface.Nonlinear.ReverseAD.NLPEvaluator}}, OptimMOIExt.var""#con_hessian!#con_hessian!##0""...","logs_optim_simples_2/chain50_jump_optim_2.log"
"jump_2/chakra_jump.jl","chakra_jump","Optim","LBFGS","ERRO_SOLVER","OPTIMIZE_NOT_CALLED","NO_SOLUTION","NO_SOLUTION","optimize not called","NaN","8.602087020874023","63","42","104","3000","","StackOverflowError: | Stacktrace: |      [1] optimize(f::OnceDifferentiable{Float64, Vector{Float64}, Float64, Vector{Float64}}, c::TwiceDifferentiableConstraints{OptimMOIExt.var""#c!#c!##0""{MathOptInterface.Nonlinear.Evaluator{MathOptInterface.Nonlinear.ReverseAD.NLPEvaluator}}, OptimMOIExt.var""#jacobian!#jacobian!##0""{Float64, Vector{Float64}, Vector{Tuple{Int64, Int64}}, MathOptInterface.Nonlinear.Evaluator{MathOptInterface.Nonlinear.ReverseAD.NLPEvaluator}}, OptimMOIExt.var""#con_hessian!#con_hessian!##0""{Float64, MathOptInterface.Nonlinear.Evaluator{MathOptInterface.Nonlinear.ReverseAD.NLPEvaluator}}, Float64}, x0::Vector{Float64}, method::LBFGS{Nothing, LineSearches.InitialStatic{Float64}, LineSearches.HagerZhang{Float64, Base.RefValue{Bool}}, Returns{Nothing}}, options::Optim.Options{Float64, Nothing}) |        @ Optim ~/.julia/packages/Optim/4rXX6/src/multivariate/optimize/interface.jl:227 |      [2] optimize(f::OnceDifferentiable{Float64, Vector{Float64}, Float64, Vector{Float64}}, c::TwiceDifferentiableConstraints{OptimMOIExt.var""#c!#c!##0""{MathOptInterface.Nonlinear.Evaluator{MathOptInterface.Nonlinear.ReverseAD.NLPEvaluator}}, OptimMOIExt.var""#jacobian!#jacobian!##0""{Float64, Vector{Float64}, Vector{Tuple{Int64, Int64}}, MathOptInterface.Nonlinear.Evaluator{MathOptInterface.Nonlinear.ReverseAD.NLPEvaluator}}, OptimMOIExt.var""#con_hessian!#con_hessian!##0""{Float64, MathOptInterface.Nonlinear.Evaluator{MathOptInterface.Nonlinear.ReverseAD.NLPEvaluator}}, Float64}, x0::Vector{Float64}, method::LBFGS{Nothing, LineSearches.InitialStatic{Float64}, LineSearches.HagerZhang{Float64, Base.RefValue{Bool}}, Returns{Nothing}}, options::Optim.Options{Float64, Nothing}; inplace::Bool, autodiff::ADTypes.AutoFiniteDiff{Val{:central}, Val{:central}, Val{:hcentral}, Nothing, Nothing, Bool}) |        @ Optim ~/.julia/packages/Optim/4rXX6/src/multivariate/optimize/interface.jl:238 | --- the above 2 lines are repeated 10894 more times --- |  [21791] optimize(f::OnceDifferentiable{Float64, Vector{Float64}, Float64, Vector{Float64}}, c::TwiceDifferentiableConstraints{OptimMOIExt.var""#c!#c!##0""{MathOptInterface.Nonlinear.Evaluator{MathOptInterface.Nonlinear.ReverseAD.NLPEvaluator}}, OptimMOIExt.var""#jacobian!#jacobian!##0""{Float64, Vector{Float64}, Vector{Tuple{Int64, Int64}}, MathOptInterface.Nonlinear.Evaluator{MathOptInterface.Nonlinear.ReverseAD.NLPEvaluator}}, OptimMOIExt.var""#con_hessian!#con_hessian!##0""{Float64, MathOptInterface.Nonlinear.Evaluator{MathOptInterfa...","logs_optim_simples_2/chakra_jump_optim_2.log"
"jump_2/chance_jump.jl","chance_jump","Optim","LBFGS","ERRO_SOLVER","OPTIMIZE_NOT_CALLED","NO_SOLUTION","NO_SOLUTION","optimize not called","NaN","8.73937702178955","5","4","8","3000","","StackOverflowError: | Stacktrace: |      [1] optimize(f::OnceDifferentiable{Float64, Vector{Float64}, Float64, Vector{Float64}}, c::TwiceDifferentiableConstraints{OptimMOIExt.var""#c!#c!##0""{MathOptInterface.Nonlinear.Evaluator{MathOptInterface.Nonlinear.ReverseAD.NLPEvaluator}}, OptimMOIExt.var""#jacobian!#jacobian!##0""{Float64, Vector{Float64}, Vector{Tuple{Int64, Int64}}, MathOptInterface.Nonlinear.Evaluator{MathOptInterface.Nonlinear.ReverseAD.NLPEvaluator}}, OptimMOIExt.var""#con_hessian!#con_hessian!##0""{Float64, MathOptInterface.Nonlinear.Evaluator{MathOptInterface.Nonlinear.ReverseAD.NLPEvaluator}}, Float64}, x0::Vector{Float64}, method::LBFGS{Nothing, LineSearches.InitialStatic{Float64}, LineSearches.HagerZhang{Float64, Base.RefValue{Bool}}, Returns{Nothing}}, options::Optim.Options{Float64, Nothing}) |        @ Optim ~/.julia/packages/Optim/4rXX6/src/multivariate/optimize/interface.jl:227 |      [2] optimize(f::OnceDifferentiable{Float64, Vector{Float64}, Float64, Vector{Float64}}, c::TwiceDifferentiableConstraints{OptimMOIExt.var""#c!#c!##0""{MathOptInterface.Nonlinear.Evaluator{MathOptInterface.Nonlinear.ReverseAD.NLPEvaluator}}, OptimMOIExt.var""#jacobian!#jacobian!##0""{Float64, Vector{Float64}, Vector{Tuple{Int64, Int64}}, MathOptInterface.Nonlinear.Evaluator{MathOptInterface.Nonlinear.ReverseAD.NLPEvaluator}}, OptimMOIExt.var""#con_hessian!#con_hessian!##0""{Float64, MathOptInterface.Nonlinear.Evaluator{MathOptInterface.Nonlinear.ReverseAD.NLPEvaluator}}, Float64}, x0::Vector{Float64}, method::LBFGS{Nothing, LineSearches.InitialStatic{Float64}, LineSearches.HagerZhang{Float64, Base.RefValue{Bool}}, Returns{Nothing}}, options::Optim.Options{Float64, Nothing}; inplace::Bool, autodiff::ADTypes.AutoFiniteDiff{Val{:central}, Val{:central}, Val{:hcentral}, Nothing, Nothing, Bool}) |        @ Optim ~/.julia/packages/Optim/4rXX6/src/multivariate/optimize/interface.jl:238 | --- the above 2 lines are repeated 10895 more times --- |  [21793] optimize(f::OnceDifferentiable{Float64, Vector{Float64}, Float64, Vector{Float64}}, c::TwiceDifferentiableConstraints{OptimMOIExt.var""#c!#c!##0""{MathOptInterface.Nonlinear.Evaluator{MathOptInterface.Nonlinear.ReverseAD.NLPEvaluator}}, OptimMOIExt.var""#jacobian!#jacobian!##0""{Float64, Vector{Float64}, Vector{Tuple{Int64, Int64}}, MathOptInterface.Nonlinear.Evaluator{MathOptInterface.Nonlinear.ReverseAD.NLPEvaluator}}, OptimMOIExt.var""#con_hessian!#con_hessian!##0""{Float64, MathOptInterface.Nonlinear.Evaluator{MathOptInterfa...","logs_optim_simples_2/chance_jump_optim_2.log"
"jump_2/chem_jump.jl","chem_jump","Optim","LBFGS","ERRO_SOLVER","OPTIMIZE_NOT_CALLED","NO_SOLUTION","NO_SOLUTION","optimize not called","NaN","8.472397089004517","12","5","16","3000","","StackOverflowError: | Stacktrace: |      [1] optimize(f::OnceDifferentiable{Float64, Vector{Float64}, Float64, Vector{Float64}}, c::TwiceDifferentiableConstraints{OptimMOIExt.var""#c!#c!##0""{MathOptInterface.Nonlinear.Evaluator{MathOptInterface.Nonlinear.ReverseAD.NLPEvaluator}}, OptimMOIExt.var""#jacobian!#jacobian!##0""{Float64, Vector{Float64}, Vector{Tuple{Int64, Int64}}, MathOptInterface.Nonlinear.Evaluator{MathOptInterface.Nonlinear.ReverseAD.NLPEvaluator}}, OptimMOIExt.var""#con_hessian!#con_hessian!##0""{Float64, MathOptInterface.Nonlinear.Evaluator{MathOptInterface.Nonlinear.ReverseAD.NLPEvaluator}}, Float64}, x0::Vector{Float64}, method::LBFGS{Nothing, LineSearches.InitialStatic{Float64}, LineSearches.HagerZhang{Float64, Base.RefValue{Bool}}, Returns{Nothing}}, options::Optim.Options{Float64, Nothing}) |        @ Optim ~/.julia/packages/Optim/4rXX6/src/multivariate/optimize/interface.jl:227 |      [2] optimize(f::OnceDifferentiable{Float64, Vector{Float64}, Float64, Vector{Float64}}, c::TwiceDifferentiableConstraints{OptimMOIExt.var""#c!#c!##0""{MathOptInterface.Nonlinear.Evaluator{MathOptInterface.Nonlinear.ReverseAD.NLPEvaluator}}, OptimMOIExt.var""#jacobian!#jacobian!##0""{Float64, Vector{Float64}, Vector{Tuple{Int64, Int64}}, MathOptInterface.Nonlinear.Evaluator{MathOptInterface.Nonlinear.ReverseAD.NLPEvaluator}}, OptimMOIExt.var""#con_hessian!#con_hessian!##0""{Float64, MathOptInterface.Nonlinear.Evaluator{MathOptInterface.Nonlinear.ReverseAD.NLPEvaluator}}, Float64}, x0::Vector{Float64}, method::LBFGS{Nothing, LineSearches.InitialStatic{Float64}, LineSearches.HagerZhang{Float64, Base.RefValue{Bool}}, Returns{Nothing}}, options::Optim.Options{Float64, Nothing}; inplace::Bool, autodiff::ADTypes.AutoFiniteDiff{Val{:central}, Val{:central}, Val{:hcentral}, Nothing, Nothing, Bool}) |        @ Optim ~/.julia/packages/Optim/4rXX6/src/multivariate/optimize/interface.jl:238 | --- the above 2 lines are repeated 10896 more times --- |  [21795] optimize(f::OnceDifferentiable{Float64, Vector{Float64}, Float64, Vector{Float64}}, c::TwiceDifferentiableConstraints{OptimMOIExt.var""#c!#c!##0""{MathOptInterface.Nonlinear.Evaluator{MathOptInterface.Nonlinear.ReverseAD.NLPEvaluator}}, OptimMOIExt.var""#jacobian!#jacobian!##0""{Float64, Vector{Float64}, Vector{Tuple{Int64, Int64}}, MathOptInterface.Nonlinear.Evaluator{MathOptInterface.Nonlinear.ReverseAD.NLPEvaluator}}, OptimMOIExt.var""#con_hessian!#con_hessian!##0""{Float64, MathOptInterface.Nonlinear.Evaluator{MathOptInterfa...","logs_optim_simples_2/chem_jump_optim_2.log"
"jump_2/chenery_jump.jl","chenery_jump","Optim","LBFGS","ERRO_SOLVER","OPTIMIZE_NOT_CALLED","NO_SOLUTION","NO_SOLUTION","optimize not called","NaN","9.439560174942017","45","39","120","3000","","StackOverflowError: | Stacktrace: |      [1] optimize(f::OnceDifferentiable{Float64, Vector{Float64}, Float64, Vector{Float64}}, c::TwiceDifferentiableConstraints{OptimMOIExt.var""#c!#c!##0""{MathOptInterface.Nonlinear.Evaluator{MathOptInterface.Nonlinear.ReverseAD.NLPEvaluator}}, OptimMOIExt.var""#jacobian!#jacobian!##0""{Float64, Vector{Float64}, Vector{Tuple{Int64, Int64}}, MathOptInterface.Nonlinear.Evaluator{MathOptInterface.Nonlinear.ReverseAD.NLPEvaluator}}, OptimMOIExt.var""#con_hessian!#con_hessian!##0""{Float64, MathOptInterface.Nonlinear.Evaluator{MathOptInterface.Nonlinear.ReverseAD.NLPEvaluator}}, Float64}, x0::Vector{Float64}, method::LBFGS{Nothing, LineSearches.InitialStatic{Float64}, LineSearches.HagerZhang{Float64, Base.RefValue{Bool}}, Returns{Nothing}}, options::Optim.Options{Float64, Nothing}; inplace::Bool, autodiff::ADTypes.AutoFiniteDiff{Val{:central}, Val{:central}, Val{:hcentral}, Nothing, Nothing, Bool}) |        @ Optim ~/.julia/packages/Optim/4rXX6/src/multivariate/optimize/interface.jl:227 |      [2] optimize(f::OnceDifferentiable{Float64, Vector{Float64}, Float64, Vector{Float64}}, c::TwiceDifferentiableConstraints{OptimMOIExt.var""#c!#c!##0""{MathOptInterface.Nonlinear.Evaluator{MathOptInterface.Nonlinear.ReverseAD.NLPEvaluator}}, OptimMOIExt.var""#jacobian!#jacobian!##0""{Float64, Vector{Float64}, Vector{Tuple{Int64, Int64}}, MathOptInterface.Nonlinear.Evaluator{MathOptInterface.Nonlinear.ReverseAD.NLPEvaluator}}, OptimMOIExt.var""#con_hessian!#con_hessian!##0""{Float64, MathOptInterface.Nonlinear.Evaluator{MathOptInterface.Nonlinear.ReverseAD.NLPEvaluator}}, Float64}, x0::Vector{Float64}, method::LBFGS{Nothing, LineSearches.InitialStatic{Float64}, LineSearches.HagerZhang{Float64, Base.RefValue{Bool}}, Returns{Nothing}}, options::Optim.Options{Float64, Nothing}; inplace::Bool, autodiff::ADTypes.AutoFiniteDiff{Val{:central}, Val{:central}, Val{:hcentral}, Nothing, Nothing, Bool}) |        @ Optim ~/.julia/packages/Optim/4rXX6/src/multivariate/optimize/interface.jl:238 |      [3] optimize(f::OnceDifferentiable{Float64, Vector{Float64}, Float64, Vector{Float64}}, c::TwiceDifferentiableConstraints{OptimMOIExt.var""#c!#c!##0""{MathOptInterface.Nonlinear.Evaluator{MathOptInterface.Nonlinear.ReverseAD.NLPEvaluator}}, OptimMOIExt.var""#jacobian!#jacobian!##0""{Float64, Vector{Float64}, Vector{Tuple{Int64, Int64}}, MathOptInterface.Nonlinear.Evaluator{MathOptInterface.Nonlinear.ReverseAD.NLPEvaluator}}, OptimMOIExt.var""#con_hessian!#con_hessian!##0""...","logs_optim_simples_2/chenery_jump_optim_2.log"
"jump_2/demo7_jump.jl","demo7_jump","Optim","LBFGS","ERRO_SOLVER","OPTIMIZE_NOT_CALLED","NO_SOLUTION","NO_SOLUTION","optimize not called","NaN","9.18459701538086","72","58","124","3000","","StackOverflowError: | Stacktrace: |      [1] optimize(f::OnceDifferentiable{Float64, Vector{Float64}, Float64, Vector{Float64}}, c::TwiceDifferentiableConstraints{OptimMOIExt.var""#c!#c!##0""{MathOptInterface.Nonlinear.Evaluator{MathOptInterface.Nonlinear.ReverseAD.NLPEvaluator}}, OptimMOIExt.var""#jacobian!#jacobian!##0""{Float64, Vector{Float64}, Vector{Tuple{Int64, Int64}}, MathOptInterface.Nonlinear.Evaluator{MathOptInterface.Nonlinear.ReverseAD.NLPEvaluator}}, OptimMOIExt.var""#con_hessian!#con_hessian!##0""{Float64, MathOptInterface.Nonlinear.Evaluator{MathOptInterface.Nonlinear.ReverseAD.NLPEvaluator}}, Float64}, x0::Vector{Float64}, method::LBFGS{Nothing, LineSearches.InitialStatic{Float64}, LineSearches.HagerZhang{Float64, Base.RefValue{Bool}}, Returns{Nothing}}, options::Optim.Options{Float64, Nothing}) |        @ Optim ~/.julia/packages/Optim/4rXX6/src/multivariate/optimize/interface.jl:227 |      [2] optimize(f::OnceDifferentiable{Float64, Vector{Float64}, Float64, Vector{Float64}}, c::TwiceDifferentiableConstraints{OptimMOIExt.var""#c!#c!##0""{MathOptInterface.Nonlinear.Evaluator{MathOptInterface.Nonlinear.ReverseAD.NLPEvaluator}}, OptimMOIExt.var""#jacobian!#jacobian!##0""{Float64, Vector{Float64}, Vector{Tuple{Int64, Int64}}, MathOptInterface.Nonlinear.Evaluator{MathOptInterface.Nonlinear.ReverseAD.NLPEvaluator}}, OptimMOIExt.var""#con_hessian!#con_hessian!##0""{Float64, MathOptInterface.Nonlinear.Evaluator{MathOptInterface.Nonlinear.ReverseAD.NLPEvaluator}}, Float64}, x0::Vector{Float64}, method::LBFGS{Nothing, LineSearches.InitialStatic{Float64}, LineSearches.HagerZhang{Float64, Base.RefValue{Bool}}, Returns{Nothing}}, options::Optim.Options{Float64, Nothing}; inplace::Bool, autodiff::ADTypes.AutoFiniteDiff{Val{:central}, Val{:central}, Val{:hcentral}, Nothing, Nothing, Bool}) |        @ Optim ~/.julia/packages/Optim/4rXX6/src/multivariate/optimize/interface.jl:238 | --- the above 2 lines are repeated 10896 more times --- |  [21795] optimize(f::OnceDifferentiable{Float64, Vector{Float64}, Float64, Vector{Float64}}, c::TwiceDifferentiableConstraints{OptimMOIExt.var""#c!#c!##0""{MathOptInterface.Nonlinear.Evaluator{MathOptInterface.Nonlinear.ReverseAD.NLPEvaluator}}, OptimMOIExt.var""#jacobian!#jacobian!##0""{Float64, Vector{Float64}, Vector{Tuple{Int64, Int64}}, MathOptInterface.Nonlinear.Evaluator{MathOptInterface.Nonlinear.ReverseAD.NLPEvaluator}}, OptimMOIExt.var""#con_hessian!#con_hessian!##0""{Float64, MathOptInterface.Nonlinear.Evaluator{MathOptInterfa...","logs_optim_simples_2/demo7_jump_optim_2.log"
"jump_2/dispatch_jump.jl","dispatch_jump","Optim","LBFGS","ERRO_SOLVER","OPTIMIZE_NOT_CALLED","NO_SOLUTION","NO_SOLUTION","optimize not called","NaN","8.830297946929932","5","3","9","3000","","StackOverflowError: | Stacktrace: |      [1] optimize(f::OnceDifferentiable{Float64, Vector{Float64}, Float64, Vector{Float64}}, c::TwiceDifferentiableConstraints{OptimMOIExt.var""#c!#c!##0""{MathOptInterface.Nonlinear.Evaluator{MathOptInterface.Nonlinear.ReverseAD.NLPEvaluator}}, OptimMOIExt.var""#jacobian!#jacobian!##0""{Float64, Vector{Float64}, Vector{Tuple{Int64, Int64}}, MathOptInterface.Nonlinear.Evaluator{MathOptInterface.Nonlinear.ReverseAD.NLPEvaluator}}, OptimMOIExt.var""#con_hessian!#con_hessian!##0""{Float64, MathOptInterface.Nonlinear.Evaluator{MathOptInterface.Nonlinear.ReverseAD.NLPEvaluator}}, Float64}, x0::Vector{Float64}, method::LBFGS{Nothing, LineSearches.InitialStatic{Float64}, LineSearches.HagerZhang{Float64, Base.RefValue{Bool}}, Returns{Nothing}}, options::Optim.Options{Float64, Nothing}; inplace::Bool, autodiff::ADTypes.AutoFiniteDiff{Val{:central}, Val{:central}, Val{:hcentral}, Nothing, Nothing, Bool}) |        @ Optim ~/.julia/packages/Optim/4rXX6/src/multivariate/optimize/interface.jl:227 |      [2] optimize(f::OnceDifferentiable{Float64, Vector{Float64}, Float64, Vector{Float64}}, c::TwiceDifferentiableConstraints{OptimMOIExt.var""#c!#c!##0""{MathOptInterface.Nonlinear.Evaluator{MathOptInterface.Nonlinear.ReverseAD.NLPEvaluator}}, OptimMOIExt.var""#jacobian!#jacobian!##0""{Float64, Vector{Float64}, Vector{Tuple{Int64, Int64}}, MathOptInterface.Nonlinear.Evaluator{MathOptInterface.Nonlinear.ReverseAD.NLPEvaluator}}, OptimMOIExt.var""#con_hessian!#con_hessian!##0""{Float64, MathOptInterface.Nonlinear.Evaluator{MathOptInterface.Nonlinear.ReverseAD.NLPEvaluator}}, Float64}, x0::Vector{Float64}, method::LBFGS{Nothing, LineSearches.InitialStatic{Float64}, LineSearches.HagerZhang{Float64, Base.RefValue{Bool}}, Returns{Nothing}}, options::Optim.Options{Float64, Nothing}; inplace::Bool, autodiff::ADTypes.AutoFiniteDiff{Val{:central}, Val{:central}, Val{:hcentral}, Nothing, Nothing, Bool}) |        @ Optim ~/.julia/packages/Optim/4rXX6/src/multivariate/optimize/interface.jl:238 |      [3] optimize(f::OnceDifferentiable{Float64, Vector{Float64}, Float64, Vector{Float64}}, c::TwiceDifferentiableConstraints{OptimMOIExt.var""#c!#c!##0""{MathOptInterface.Nonlinear.Evaluator{MathOptInterface.Nonlinear.ReverseAD.NLPEvaluator}}, OptimMOIExt.var""#jacobian!#jacobian!##0""{Float64, Vector{Float64}, Vector{Tuple{Int64, Int64}}, MathOptInterface.Nonlinear.Evaluator{MathOptInterface.Nonlinear.ReverseAD.NLPEvaluator}}, OptimMOIExt.var""#con_hessian!#con_hessian!##0""...","logs_optim_simples_2/dispatch_jump_optim_2.log"
"jump_2/elec25_jump.jl","elec25_jump","Optim","LBFGS","ERRO_SOLVER","OPTIMIZE_NOT_CALLED","NO_SOLUTION","NO_SOLUTION","optimize not called","NaN","8.731063842773438","76","26","26","3000","","StackOverflowError: | Stacktrace: |      [1] optimize(f::OnceDifferentiable{Float64, Vector{Float64}, Float64, Vector{Float64}}, c::TwiceDifferentiableConstraints{OptimMOIExt.var""#c!#c!##0""{MathOptInterface.Nonlinear.Evaluator{MathOptInterface.Nonlinear.ReverseAD.NLPEvaluator}}, OptimMOIExt.var""#jacobian!#jacobian!##0""{Float64, Vector{Float64}, Vector{Tuple{Int64, Int64}}, MathOptInterface.Nonlinear.Evaluator{MathOptInterface.Nonlinear.ReverseAD.NLPEvaluator}}, OptimMOIExt.var""#con_hessian!#con_hessian!##0""{Float64, MathOptInterface.Nonlinear.Evaluator{MathOptInterface.Nonlinear.ReverseAD.NLPEvaluator}}, Float64}, x0::Vector{Float64}, method::LBFGS{Nothing, LineSearches.InitialStatic{Float64}, LineSearches.HagerZhang{Float64, Base.RefValue{Bool}}, Returns{Nothing}}, options::Optim.Options{Float64, Nothing}; inplace::Bool, autodiff::ADTypes.AutoFiniteDiff{Val{:central}, Val{:central}, Val{:hcentral}, Nothing, Nothing, Bool}) |        @ Optim ~/.julia/packages/Optim/4rXX6/src/multivariate/optimize/interface.jl:227 |      [2] optimize(f::OnceDifferentiable{Float64, Vector{Float64}, Float64, Vector{Float64}}, c::TwiceDifferentiableConstraints{OptimMOIExt.var""#c!#c!##0""{MathOptInterface.Nonlinear.Evaluator{MathOptInterface.Nonlinear.ReverseAD.NLPEvaluator}}, OptimMOIExt.var""#jacobian!#jacobian!##0""{Float64, Vector{Float64}, Vector{Tuple{Int64, Int64}}, MathOptInterface.Nonlinear.Evaluator{MathOptInterface.Nonlinear.ReverseAD.NLPEvaluator}}, OptimMOIExt.var""#con_hessian!#con_hessian!##0""{Float64, MathOptInterface.Nonlinear.Evaluator{MathOptInterface.Nonlinear.ReverseAD.NLPEvaluator}}, Float64}, x0::Vector{Float64}, method::LBFGS{Nothing, LineSearches.InitialStatic{Float64}, LineSearches.HagerZhang{Float64, Base.RefValue{Bool}}, Returns{Nothing}}, options::Optim.Options{Float64, Nothing}; inplace::Bool, autodiff::ADTypes.AutoFiniteDiff{Val{:central}, Val{:central}, Val{:hcentral}, Nothing, Nothing, Bool}) |        @ Optim ~/.julia/packages/Optim/4rXX6/src/multivariate/optimize/interface.jl:238 |      [3] optimize(f::OnceDifferentiable{Float64, Vector{Float64}, Float64, Vector{Float64}}, c::TwiceDifferentiableConstraints{OptimMOIExt.var""#c!#c!##0""{MathOptInterface.Nonlinear.Evaluator{MathOptInterface.Nonlinear.ReverseAD.NLPEvaluator}}, OptimMOIExt.var""#jacobian!#jacobian!##0""{Float64, Vector{Float64}, Vector{Tuple{Int64, Int64}}, MathOptInterface.Nonlinear.Evaluator{MathOptInterface.Nonlinear.ReverseAD.NLPEvaluator}}, OptimMOIExt.var""#con_hessian!#con_hessian!##0""...","logs_optim_simples_2/elec25_jump_optim_2.log"
"jump_2/elec50_jump.jl","elec50_jump","Optim","LBFGS","ERRO_SOLVER","OPTIMIZE_NOT_CALLED","NO_SOLUTION","NO_SOLUTION","optimize not called","NaN","8.767938137054443","151","51","51","3000","","StackOverflowError: | Stacktrace: |      [1] optimize(f::OnceDifferentiable{Float64, Vector{Float64}, Float64, Vector{Float64}}, c::TwiceDifferentiableConstraints{OptimMOIExt.var""#c!#c!##0""{MathOptInterface.Nonlinear.Evaluator{MathOptInterface.Nonlinear.ReverseAD.NLPEvaluator}}, OptimMOIExt.var""#jacobian!#jacobian!##0""{Float64, Vector{Float64}, Vector{Tuple{Int64, Int64}}, MathOptInterface.Nonlinear.Evaluator{MathOptInterface.Nonlinear.ReverseAD.NLPEvaluator}}, OptimMOIExt.var""#con_hessian!#con_hessian!##0""{Float64, MathOptInterface.Nonlinear.Evaluator{MathOptInterface.Nonlinear.ReverseAD.NLPEvaluator}}, Float64}, x0::Vector{Float64}, method::LBFGS{Nothing, LineSearches.InitialStatic{Float64}, LineSearches.HagerZhang{Float64, Base.RefValue{Bool}}, Returns{Nothing}}, options::Optim.Options{Float64, Nothing}; inplace::Bool, autodiff::ADTypes.AutoFiniteDiff{Val{:central}, Val{:central}, Val{:hcentral}, Nothing, Nothing, Bool}) |        @ Optim ~/.julia/packages/Optim/4rXX6/src/multivariate/optimize/interface.jl:227 |      [2] optimize(f::OnceDifferentiable{Float64, Vector{Float64}, Float64, Vector{Float64}}, c::TwiceDifferentiableConstraints{OptimMOIExt.var""#c!#c!##0""{MathOptInterface.Nonlinear.Evaluator{MathOptInterface.Nonlinear.ReverseAD.NLPEvaluator}}, OptimMOIExt.var""#jacobian!#jacobian!##0""{Float64, Vector{Float64}, Vector{Tuple{Int64, Int64}}, MathOptInterface.Nonlinear.Evaluator{MathOptInterface.Nonlinear.ReverseAD.NLPEvaluator}}, OptimMOIExt.var""#con_hessian!#con_hessian!##0""{Float64, MathOptInterface.Nonlinear.Evaluator{MathOptInterface.Nonlinear.ReverseAD.NLPEvaluator}}, Float64}, x0::Vector{Float64}, method::LBFGS{Nothing, LineSearches.InitialStatic{Float64}, LineSearches.HagerZhang{Float64, Base.RefValue{Bool}}, Returns{Nothing}}, options::Optim.Options{Float64, Nothing}; inplace::Bool, autodiff::ADTypes.AutoFiniteDiff{Val{:central}, Val{:central}, Val{:hcentral}, Nothing, Nothing, Bool}) |        @ Optim ~/.julia/packages/Optim/4rXX6/src/multivariate/optimize/interface.jl:238 |      [3] optimize(f::OnceDifferentiable{Float64, Vector{Float64}, Float64, Vector{Float64}}, c::TwiceDifferentiableConstraints{OptimMOIExt.var""#c!#c!##0""{MathOptInterface.Nonlinear.Evaluator{MathOptInterface.Nonlinear.ReverseAD.NLPEvaluator}}, OptimMOIExt.var""#jacobian!#jacobian!##0""{Float64, Vector{Float64}, Vector{Tuple{Int64, Int64}}, MathOptInterface.Nonlinear.Evaluator{MathOptInterface.Nonlinear.ReverseAD.NLPEvaluator}}, OptimMOIExt.var""#con_hessian!#con_hessian!##0""...","logs_optim_simples_2/elec50_jump_optim_2.log"
"jump_2/etamac_jump.jl","etamac_jump","Optim","LBFGS","ERRO_SOLVER","OPTIMIZE_NOT_CALLED","NO_SOLUTION","NO_SOLUTION","optimize not called","NaN","8.79573106765747","98","71","159","3000","","StackOverflowError: | Stacktrace: |      [1] optimize(f::OnceDifferentiable{Float64, Vector{Float64}, Float64, Vector{Float64}}, c::TwiceDifferentiableConstraints{OptimMOIExt.var""#c!#c!##0""{MathOptInterface.Nonlinear.Evaluator{MathOptInterface.Nonlinear.ReverseAD.NLPEvaluator}}, OptimMOIExt.var""#jacobian!#jacobian!##0""{Float64, Vector{Float64}, Vector{Tuple{Int64, Int64}}, MathOptInterface.Nonlinear.Evaluator{MathOptInterface.Nonlinear.ReverseAD.NLPEvaluator}}, OptimMOIExt.var""#con_hessian!#con_hessian!##0""{Float64, MathOptInterface.Nonlinear.Evaluator{MathOptInterface.Nonlinear.ReverseAD.NLPEvaluator}}, Float64}, x0::Vector{Float64}, method::LBFGS{Nothing, LineSearches.InitialStatic{Float64}, LineSearches.HagerZhang{Float64, Base.RefValue{Bool}}, Returns{Nothing}}, options::Optim.Options{Float64, Nothing}; inplace::Bool, autodiff::ADTypes.AutoFiniteDiff{Val{:central}, Val{:central}, Val{:hcentral}, Nothing, Nothing, Bool}) |        @ Optim ~/.julia/packages/Optim/4rXX6/src/multivariate/optimize/interface.jl:227 |      [2] optimize(f::OnceDifferentiable{Float64, Vector{Float64}, Float64, Vector{Float64}}, c::TwiceDifferentiableConstraints{OptimMOIExt.var""#c!#c!##0""{MathOptInterface.Nonlinear.Evaluator{MathOptInterface.Nonlinear.ReverseAD.NLPEvaluator}}, OptimMOIExt.var""#jacobian!#jacobian!##0""{Float64, Vector{Float64}, Vector{Tuple{Int64, Int64}}, MathOptInterface.Nonlinear.Evaluator{MathOptInterface.Nonlinear.ReverseAD.NLPEvaluator}}, OptimMOIExt.var""#con_hessian!#con_hessian!##0""{Float64, MathOptInterface.Nonlinear.Evaluator{MathOptInterface.Nonlinear.ReverseAD.NLPEvaluator}}, Float64}, x0::Vector{Float64}, method::LBFGS{Nothing, LineSearches.InitialStatic{Float64}, LineSearches.HagerZhang{Float64, Base.RefValue{Bool}}, Returns{Nothing}}, options::Optim.Options{Float64, Nothing}; inplace::Bool, autodiff::ADTypes.AutoFiniteDiff{Val{:central}, Val{:central}, Val{:hcentral}, Nothing, Nothing, Bool}) |        @ Optim ~/.julia/packages/Optim/4rXX6/src/multivariate/optimize/interface.jl:238 |      [3] optimize(f::OnceDifferentiable{Float64, Vector{Float64}, Float64, Vector{Float64}}, c::TwiceDifferentiableConstraints{OptimMOIExt.var""#c!#c!##0""{MathOptInterface.Nonlinear.Evaluator{MathOptInterface.Nonlinear.ReverseAD.NLPEvaluator}}, OptimMOIExt.var""#jacobian!#jacobian!##0""{Float64, Vector{Float64}, Vector{Tuple{Int64, Int64}}, MathOptInterface.Nonlinear.Evaluator{MathOptInterface.Nonlinear.ReverseAD.NLPEvaluator}}, OptimMOIExt.var""#con_hessian!#con_hessian!##0""...","logs_optim_simples_2/etamac_jump_optim_2.log"
"jump_2/ex14_1_2_jump.jl","ex14_1_2_jump","Optim","LBFGS","ERRO_SOLVER","OPTIMIZE_NOT_CALLED","NO_SOLUTION","NO_SOLUTION","optimize not called","NaN","9.254267930984497","7","10","20","3000","","StackOverflowError: | Stacktrace: |      [1] optimize(f::OnceDifferentiable{Float64, Vector{Float64}, Float64, Vector{Float64}}, c::TwiceDifferentiableConstraints{OptimMOIExt.var""#c!#c!##0""{MathOptInterface.Nonlinear.Evaluator{MathOptInterface.Nonlinear.ReverseAD.NLPEvaluator}}, OptimMOIExt.var""#jacobian!#jacobian!##0""{Float64, Vector{Float64}, Vector{Tuple{Int64, Int64}}, MathOptInterface.Nonlinear.Evaluator{MathOptInterface.Nonlinear.ReverseAD.NLPEvaluator}}, OptimMOIExt.var""#con_hessian!#con_hessian!##0""{Float64, MathOptInterface.Nonlinear.Evaluator{MathOptInterface.Nonlinear.ReverseAD.NLPEvaluator}}, Float64}, x0::Vector{Float64}, method::LBFGS{Nothing, LineSearches.InitialStatic{Float64}, LineSearches.HagerZhang{Float64, Base.RefValue{Bool}}, Returns{Nothing}}, options::Optim.Options{Float64, Nothing}; inplace::Bool, autodiff::ADTypes.AutoFiniteDiff{Val{:central}, Val{:central}, Val{:hcentral}, Nothing, Nothing, Bool}) |        @ Optim ~/.julia/packages/Optim/4rXX6/src/multivariate/optimize/interface.jl:227 |      [2] optimize(f::OnceDifferentiable{Float64, Vector{Float64}, Float64, Vector{Float64}}, c::TwiceDifferentiableConstraints{OptimMOIExt.var""#c!#c!##0""{MathOptInterface.Nonlinear.Evaluator{MathOptInterface.Nonlinear.ReverseAD.NLPEvaluator}}, OptimMOIExt.var""#jacobian!#jacobian!##0""{Float64, Vector{Float64}, Vector{Tuple{Int64, Int64}}, MathOptInterface.Nonlinear.Evaluator{MathOptInterface.Nonlinear.ReverseAD.NLPEvaluator}}, OptimMOIExt.var""#con_hessian!#con_hessian!##0""{Float64, MathOptInterface.Nonlinear.Evaluator{MathOptInterface.Nonlinear.ReverseAD.NLPEvaluator}}, Float64}, x0::Vector{Float64}, method::LBFGS{Nothing, LineSearches.InitialStatic{Float64}, LineSearches.HagerZhang{Float64, Base.RefValue{Bool}}, Returns{Nothing}}, options::Optim.Options{Float64, Nothing}; inplace::Bool, autodiff::ADTypes.AutoFiniteDiff{Val{:central}, Val{:central}, Val{:hcentral}, Nothing, Nothing, Bool}) |        @ Optim ~/.julia/packages/Optim/4rXX6/src/multivariate/optimize/interface.jl:238 |      [3] optimize(f::OnceDifferentiable{Float64, Vector{Float64}, Float64, Vector{Float64}}, c::TwiceDifferentiableConstraints{OptimMOIExt.var""#c!#c!##0""{MathOptInterface.Nonlinear.Evaluator{MathOptInterface.Nonlinear.ReverseAD.NLPEvaluator}}, OptimMOIExt.var""#jacobian!#jacobian!##0""{Float64, Vector{Float64}, Vector{Tuple{Int64, Int64}}, MathOptInterface.Nonlinear.Evaluator{MathOptInterface.Nonlinear.ReverseAD.NLPEvaluator}}, OptimMOIExt.var""#con_hessian!#con_hessian!##0""...","logs_optim_simples_2/ex14_1_2_jump_optim_2.log"
"jump_2/ex14_1_3_jump.jl","ex14_1_3_jump","Optim","LBFGS","ERRO_SOLVER","OPTIMIZE_NOT_CALLED","NO_SOLUTION","NO_SOLUTION","optimize not called","NaN","9.08904504776001","4","5","9","3000","","StackOverflowError: | Stacktrace: |      [1] optimize(f::OnceDifferentiable{Float64, Vector{Float64}, Float64, Vector{Float64}}, c::TwiceDifferentiableConstraints{OptimMOIExt.var""#c!#c!##0""{MathOptInterface.Nonlinear.Evaluator{MathOptInterface.Nonlinear.ReverseAD.NLPEvaluator}}, OptimMOIExt.var""#jacobian!#jacobian!##0""{Float64, Vector{Float64}, Vector{Tuple{Int64, Int64}}, MathOptInterface.Nonlinear.Evaluator{MathOptInterface.Nonlinear.ReverseAD.NLPEvaluator}}, OptimMOIExt.var""#con_hessian!#con_hessian!##0""{Float64, MathOptInterface.Nonlinear.Evaluator{MathOptInterface.Nonlinear.ReverseAD.NLPEvaluator}}, Float64}, x0::Vector{Float64}, method::LBFGS{Nothing, LineSearches.InitialStatic{Float64}, LineSearches.HagerZhang{Float64, Base.RefValue{Bool}}, Returns{Nothing}}, options::Optim.Options{Float64, Nothing}; inplace::Bool, autodiff::ADTypes.AutoFiniteDiff{Val{:central}, Val{:central}, Val{:hcentral}, Nothing, Nothing, Bool}) |        @ Optim ~/.julia/packages/Optim/4rXX6/src/multivariate/optimize/interface.jl:227 |      [2] optimize(f::OnceDifferentiable{Float64, Vector{Float64}, Float64, Vector{Float64}}, c::TwiceDifferentiableConstraints{OptimMOIExt.var""#c!#c!##0""{MathOptInterface.Nonlinear.Evaluator{MathOptInterface.Nonlinear.ReverseAD.NLPEvaluator}}, OptimMOIExt.var""#jacobian!#jacobian!##0""{Float64, Vector{Float64}, Vector{Tuple{Int64, Int64}}, MathOptInterface.Nonlinear.Evaluator{MathOptInterface.Nonlinear.ReverseAD.NLPEvaluator}}, OptimMOIExt.var""#con_hessian!#con_hessian!##0""{Float64, MathOptInterface.Nonlinear.Evaluator{MathOptInterface.Nonlinear.ReverseAD.NLPEvaluator}}, Float64}, x0::Vector{Float64}, method::LBFGS{Nothing, LineSearches.InitialStatic{Float64}, LineSearches.HagerZhang{Float64, Base.RefValue{Bool}}, Returns{Nothing}}, options::Optim.Options{Float64, Nothing}; inplace::Bool, autodiff::ADTypes.AutoFiniteDiff{Val{:central}, Val{:central}, Val{:hcentral}, Nothing, Nothing, Bool}) |        @ Optim ~/.julia/packages/Optim/4rXX6/src/multivariate/optimize/interface.jl:238 |      [3] optimize(f::OnceDifferentiable{Float64, Vector{Float64}, Float64, Vector{Float64}}, c::TwiceDifferentiableConstraints{OptimMOIExt.var""#c!#c!##0""{MathOptInterface.Nonlinear.Evaluator{MathOptInterface.Nonlinear.ReverseAD.NLPEvaluator}}, OptimMOIExt.var""#jacobian!#jacobian!##0""{Float64, Vector{Float64}, Vector{Tuple{Int64, Int64}}, MathOptInterface.Nonlinear.Evaluator{MathOptInterface.Nonlinear.ReverseAD.NLPEvaluator}}, OptimMOIExt.var""#con_hessian!#con_hessian!##0""...","logs_optim_simples_2/ex14_1_3_jump_optim_2.log"
"jump_2/ex_14_1_4_jump.jl","ex_14_1_4_jump","Optim","LBFGS","ERRO_SOLVER","OPTIMIZE_NOT_CALLED","NO_SOLUTION","NO_SOLUTION","optimize not called","NaN","8.629930019378662","4","5","9","3000","","StackOverflowError: | Stacktrace: |      [1] optimize(f::OnceDifferentiable{Float64, Vector{Float64}, Float64, Vector{Float64}}, c::TwiceDifferentiableConstraints{OptimMOIExt.var""#c!#c!##0""{MathOptInterface.Nonlinear.Evaluator{MathOptInterface.Nonlinear.ReverseAD.NLPEvaluator}}, OptimMOIExt.var""#jacobian!#jacobian!##0""{Float64, Vector{Float64}, Vector{Tuple{Int64, Int64}}, MathOptInterface.Nonlinear.Evaluator{MathOptInterface.Nonlinear.ReverseAD.NLPEvaluator}}, OptimMOIExt.var""#con_hessian!#con_hessian!##0""{Float64, MathOptInterface.Nonlinear.Evaluator{MathOptInterface.Nonlinear.ReverseAD.NLPEvaluator}}, Float64}, x0::Vector{Float64}, method::LBFGS{Nothing, LineSearches.InitialStatic{Float64}, LineSearches.HagerZhang{Float64, Base.RefValue{Bool}}, Returns{Nothing}}, options::Optim.Options{Float64, Nothing}) |        @ Optim ~/.julia/packages/Optim/4rXX6/src/multivariate/optimize/interface.jl:227 |      [2] optimize(f::OnceDifferentiable{Float64, Vector{Float64}, Float64, Vector{Float64}}, c::TwiceDifferentiableConstraints{OptimMOIExt.var""#c!#c!##0""{MathOptInterface.Nonlinear.Evaluator{MathOptInterface.Nonlinear.ReverseAD.NLPEvaluator}}, OptimMOIExt.var""#jacobian!#jacobian!##0""{Float64, Vector{Float64}, Vector{Tuple{Int64, Int64}}, MathOptInterface.Nonlinear.Evaluator{MathOptInterface.Nonlinear.ReverseAD.NLPEvaluator}}, OptimMOIExt.var""#con_hessian!#con_hessian!##0""{Float64, MathOptInterface.Nonlinear.Evaluator{MathOptInterface.Nonlinear.ReverseAD.NLPEvaluator}}, Float64}, x0::Vector{Float64}, method::LBFGS{Nothing, LineSearches.InitialStatic{Float64}, LineSearches.HagerZhang{Float64, Base.RefValue{Bool}}, Returns{Nothing}}, options::Optim.Options{Float64, Nothing}; inplace::Bool, autodiff::ADTypes.AutoFiniteDiff{Val{:central}, Val{:central}, Val{:hcentral}, Nothing, Nothing, Bool}) |        @ Optim ~/.julia/packages/Optim/4rXX6/src/multivariate/optimize/interface.jl:238 | --- the above 2 lines are repeated 10897 more times --- |  [21797] optimize(f::OnceDifferentiable{Float64, Vector{Float64}, Float64, Vector{Float64}}, c::TwiceDifferentiableConstraints{OptimMOIExt.var""#c!#c!##0""{MathOptInterface.Nonlinear.Evaluator{MathOptInterface.Nonlinear.ReverseAD.NLPEvaluator}}, OptimMOIExt.var""#jacobian!#jacobian!##0""{Float64, Vector{Float64}, Vector{Tuple{Int64, Int64}}, MathOptInterface.Nonlinear.Evaluator{MathOptInterface.Nonlinear.ReverseAD.NLPEvaluator}}, OptimMOIExt.var""#con_hessian!#con_hessian!##0""{Float64, MathOptInterface.Nonlinear.Evaluator{MathOptInterfa...","logs_optim_simples_2/ex_14_1_4_jump_optim_2.log"
"jump_2/ex_14_1_5_jump.jl","ex_14_1_5_jump","Optim","LBFGS","ERRO_SOLVER","OPTIMIZE_NOT_CALLED","NO_SOLUTION","NO_SOLUTION","optimize not called","NaN","8.654627084732056","7","7","17","3000","","StackOverflowError: | Stacktrace: |      [1] optimize(f::OnceDifferentiable{Float64, Vector{Float64}, Float64, Vector{Float64}}, c::TwiceDifferentiableConstraints{OptimMOIExt.var""#c!#c!##0""{MathOptInterface.Nonlinear.Evaluator{MathOptInterface.Nonlinear.ReverseAD.NLPEvaluator}}, OptimMOIExt.var""#jacobian!#jacobian!##0""{Float64, Vector{Float64}, Vector{Tuple{Int64, Int64}}, MathOptInterface.Nonlinear.Evaluator{MathOptInterface.Nonlinear.ReverseAD.NLPEvaluator}}, OptimMOIExt.var""#con_hessian!#con_hessian!##0""{Float64, MathOptInterface.Nonlinear.Evaluator{MathOptInterface.Nonlinear.ReverseAD.NLPEvaluator}}, Float64}, x0::Vector{Float64}, method::LBFGS{Nothing, LineSearches.InitialStatic{Float64}, LineSearches.HagerZhang{Float64, Base.RefValue{Bool}}, Returns{Nothing}}, options::Optim.Options{Float64, Nothing}; inplace::Bool, autodiff::ADTypes.AutoFiniteDiff{Val{:central}, Val{:central}, Val{:hcentral}, Nothing, Nothing, Bool}) |        @ Optim ~/.julia/packages/Optim/4rXX6/src/multivariate/optimize/interface.jl:238 |      [2] optimize(f::OnceDifferentiable{Float64, Vector{Float64}, Float64, Vector{Float64}}, c::TwiceDifferentiableConstraints{OptimMOIExt.var""#c!#c!##0""{MathOptInterface.Nonlinear.Evaluator{MathOptInterface.Nonlinear.ReverseAD.NLPEvaluator}}, OptimMOIExt.var""#jacobian!#jacobian!##0""{Float64, Vector{Float64}, Vector{Tuple{Int64, Int64}}, MathOptInterface.Nonlinear.Evaluator{MathOptInterface.Nonlinear.ReverseAD.NLPEvaluator}}, OptimMOIExt.var""#con_hessian!#con_hessian!##0""{Float64, MathOptInterface.Nonlinear.Evaluator{MathOptInterface.Nonlinear.ReverseAD.NLPEvaluator}}, Float64}, x0::Vector{Float64}, method::LBFGS{Nothing, LineSearches.InitialStatic{Float64}, LineSearches.HagerZhang{Float64, Base.RefValue{Bool}}, Returns{Nothing}}, options::Optim.Options{Float64, Nothing}) |        @ Optim ~/.julia/packages/Optim/4rXX6/src/multivariate/optimize/interface.jl:227 | --- the above 2 lines are repeated 10899 more times --- |  [21801] optimize!(model::OptimMOIExt.Optimizer{Float64}) |        @ OptimMOIExt ~/.julia/packages/Optim/4rXX6/ext/OptimMOIExt.jl:399 |  [21802] optimize! |        @ ~/.julia/packages/MathOptInterface/iaRBO/src/Bridges/bridge_optimizer.jl:367 [inlined] |  [21803] optimize! |        @ ~/.julia/packages/MathOptInterface/iaRBO/src/MathOptInterface.jl:122 [inlined] |  [21804] optimize!(m::MathOptInterface.Utilities.CachingOptimizer{MathOptInterface.Bridges.LazyBridgeOptimizer{OptimMOIExt.Optimizer{Float64}}, MathOptInterface.Utilities....","logs_optim_simples_2/ex_14_1_5_jump_optim_2.log"
"jump_2/ex_14_1_6_jump.jl","ex_14_1_6_jump","Optim","LBFGS","ERRO_SOLVER","OPTIMIZE_NOT_CALLED","NO_SOLUTION","NO_SOLUTION","optimize not called","NaN","8.677972078323364","10","16","32","3000","","StackOverflowError: | Stacktrace: |      [1] optimize(f::OnceDifferentiable{Float64, Vector{Float64}, Float64, Vector{Float64}}, c::TwiceDifferentiableConstraints{OptimMOIExt.var""#c!#c!##0""{MathOptInterface.Nonlinear.Evaluator{MathOptInterface.Nonlinear.ReverseAD.NLPEvaluator}}, OptimMOIExt.var""#jacobian!#jacobian!##0""{Float64, Vector{Float64}, Vector{Tuple{Int64, Int64}}, MathOptInterface.Nonlinear.Evaluator{MathOptInterface.Nonlinear.ReverseAD.NLPEvaluator}}, OptimMOIExt.var""#con_hessian!#con_hessian!##0""{Float64, MathOptInterface.Nonlinear.Evaluator{MathOptInterface.Nonlinear.ReverseAD.NLPEvaluator}}, Float64}, x0::Vector{Float64}, method::LBFGS{Nothing, LineSearches.InitialStatic{Float64}, LineSearches.HagerZhang{Float64, Base.RefValue{Bool}}, Returns{Nothing}}, options::Optim.Options{Float64, Nothing}; inplace::Bool, autodiff::ADTypes.AutoFiniteDiff{Val{:central}, Val{:central}, Val{:hcentral}, Nothing, Nothing, Bool}) |        @ Optim ~/.julia/packages/Optim/4rXX6/src/multivariate/optimize/interface.jl:227 |      [2] optimize(f::OnceDifferentiable{Float64, Vector{Float64}, Float64, Vector{Float64}}, c::TwiceDifferentiableConstraints{OptimMOIExt.var""#c!#c!##0""{MathOptInterface.Nonlinear.Evaluator{MathOptInterface.Nonlinear.ReverseAD.NLPEvaluator}}, OptimMOIExt.var""#jacobian!#jacobian!##0""{Float64, Vector{Float64}, Vector{Tuple{Int64, Int64}}, MathOptInterface.Nonlinear.Evaluator{MathOptInterface.Nonlinear.ReverseAD.NLPEvaluator}}, OptimMOIExt.var""#con_hessian!#con_hessian!##0""{Float64, MathOptInterface.Nonlinear.Evaluator{MathOptInterface.Nonlinear.ReverseAD.NLPEvaluator}}, Float64}, x0::Vector{Float64}, method::LBFGS{Nothing, LineSearches.InitialStatic{Float64}, LineSearches.HagerZhang{Float64, Base.RefValue{Bool}}, Returns{Nothing}}, options::Optim.Options{Float64, Nothing}; inplace::Bool, autodiff::ADTypes.AutoFiniteDiff{Val{:central}, Val{:central}, Val{:hcentral}, Nothing, Nothing, Bool}) |        @ Optim ~/.julia/packages/Optim/4rXX6/src/multivariate/optimize/interface.jl:238 |      [3] optimize(f::OnceDifferentiable{Float64, Vector{Float64}, Float64, Vector{Float64}}, c::TwiceDifferentiableConstraints{OptimMOIExt.var""#c!#c!##0""{MathOptInterface.Nonlinear.Evaluator{MathOptInterface.Nonlinear.ReverseAD.NLPEvaluator}}, OptimMOIExt.var""#jacobian!#jacobian!##0""{Float64, Vector{Float64}, Vector{Tuple{Int64, Int64}}, MathOptInterface.Nonlinear.Evaluator{MathOptInterface.Nonlinear.ReverseAD.NLPEvaluator}}, OptimMOIExt.var""#con_hessian!#con_hessian!##0""...","logs_optim_simples_2/ex_14_1_6_jump_optim_2.log"
"jump_2/ex_14_1_7_jump.jl","ex_14_1_7_jump","Optim","LBFGS","ERRO_SOLVER","OPTIMIZE_NOT_CALLED","NO_SOLUTION","NO_SOLUTION","optimize not called","NaN","9.0854971408844","11","18","36","3000","","StackOverflowError: | Stacktrace: |      [1] optimize(f::OnceDifferentiable{Float64, Vector{Float64}, Float64, Vector{Float64}}, c::TwiceDifferentiableConstraints{OptimMOIExt.var""#c!#c!##0""{MathOptInterface.Nonlinear.Evaluator{MathOptInterface.Nonlinear.ReverseAD.NLPEvaluator}}, OptimMOIExt.var""#jacobian!#jacobian!##0""{Float64, Vector{Float64}, Vector{Tuple{Int64, Int64}}, MathOptInterface.Nonlinear.Evaluator{MathOptInterface.Nonlinear.ReverseAD.NLPEvaluator}}, OptimMOIExt.var""#con_hessian!#con_hessian!##0""{Float64, MathOptInterface.Nonlinear.Evaluator{MathOptInterface.Nonlinear.ReverseAD.NLPEvaluator}}, Float64}, x0::Vector{Float64}, method::LBFGS{Nothing, LineSearches.InitialStatic{Float64}, LineSearches.HagerZhang{Float64, Base.RefValue{Bool}}, Returns{Nothing}}, options::Optim.Options{Float64, Nothing}) |        @ Optim ~/.julia/packages/Optim/4rXX6/src/multivariate/optimize/interface.jl:227 |      [2] optimize(f::OnceDifferentiable{Float64, Vector{Float64}, Float64, Vector{Float64}}, c::TwiceDifferentiableConstraints{OptimMOIExt.var""#c!#c!##0""{MathOptInterface.Nonlinear.Evaluator{MathOptInterface.Nonlinear.ReverseAD.NLPEvaluator}}, OptimMOIExt.var""#jacobian!#jacobian!##0""{Float64, Vector{Float64}, Vector{Tuple{Int64, Int64}}, MathOptInterface.Nonlinear.Evaluator{MathOptInterface.Nonlinear.ReverseAD.NLPEvaluator}}, OptimMOIExt.var""#con_hessian!#con_hessian!##0""{Float64, MathOptInterface.Nonlinear.Evaluator{MathOptInterface.Nonlinear.ReverseAD.NLPEvaluator}}, Float64}, x0::Vector{Float64}, method::LBFGS{Nothing, LineSearches.InitialStatic{Float64}, LineSearches.HagerZhang{Float64, Base.RefValue{Bool}}, Returns{Nothing}}, options::Optim.Options{Float64, Nothing}; inplace::Bool, autodiff::ADTypes.AutoFiniteDiff{Val{:central}, Val{:central}, Val{:hcentral}, Nothing, Nothing, Bool}) |        @ Optim ~/.julia/packages/Optim/4rXX6/src/multivariate/optimize/interface.jl:238 | --- the above 2 lines are repeated 10893 more times --- |  [21789] optimize(f::OnceDifferentiable{Float64, Vector{Float64}, Float64, Vector{Float64}}, c::TwiceDifferentiableConstraints{OptimMOIExt.var""#c!#c!##0""{MathOptInterface.Nonlinear.Evaluator{MathOptInterface.Nonlinear.ReverseAD.NLPEvaluator}}, OptimMOIExt.var""#jacobian!#jacobian!##0""{Float64, Vector{Float64}, Vector{Tuple{Int64, Int64}}, MathOptInterface.Nonlinear.Evaluator{MathOptInterface.Nonlinear.ReverseAD.NLPEvaluator}}, OptimMOIExt.var""#con_hessian!#con_hessian!##0""{Float64, MathOptInterface.Nonlinear.Evaluator{MathOptInterfa...","logs_optim_simples_2/ex_14_1_7_jump_optim_2.log"
"jump_2/ex14_1_8_jump.jl","ex14_1_8_jump","Optim","LBFGS","ERRO_SOLVER","OPTIMIZE_NOT_CALLED","NO_SOLUTION","NO_SOLUTION","optimize not called","NaN","8.678559064865112","4","5","9","3000","","StackOverflowError: | Stacktrace: |      [1] optimize(f::OnceDifferentiable{Float64, Vector{Float64}, Float64, Vector{Float64}}, c::TwiceDifferentiableConstraints{OptimMOIExt.var""#c!#c!##0""{MathOptInterface.Nonlinear.Evaluator{MathOptInterface.Nonlinear.ReverseAD.NLPEvaluator}}, OptimMOIExt.var""#jacobian!#jacobian!##0""{Float64, Vector{Float64}, Vector{Tuple{Int64, Int64}}, MathOptInterface.Nonlinear.Evaluator{MathOptInterface.Nonlinear.ReverseAD.NLPEvaluator}}, OptimMOIExt.var""#con_hessian!#con_hessian!##0""{Float64, MathOptInterface.Nonlinear.Evaluator{MathOptInterface.Nonlinear.ReverseAD.NLPEvaluator}}, Float64}, x0::Vector{Float64}, method::LBFGS{Nothing, LineSearches.InitialStatic{Float64}, LineSearches.HagerZhang{Float64, Base.RefValue{Bool}}, Returns{Nothing}}, options::Optim.Options{Float64, Nothing}; inplace::Bool, autodiff::ADTypes.AutoFiniteDiff{Val{:central}, Val{:central}, Val{:hcentral}, Nothing, Nothing, Bool}) |        @ Optim ~/.julia/packages/Optim/4rXX6/src/multivariate/optimize/interface.jl:227 |      [2] optimize(f::OnceDifferentiable{Float64, Vector{Float64}, Float64, Vector{Float64}}, c::TwiceDifferentiableConstraints{OptimMOIExt.var""#c!#c!##0""{MathOptInterface.Nonlinear.Evaluator{MathOptInterface.Nonlinear.ReverseAD.NLPEvaluator}}, OptimMOIExt.var""#jacobian!#jacobian!##0""{Float64, Vector{Float64}, Vector{Tuple{Int64, Int64}}, MathOptInterface.Nonlinear.Evaluator{MathOptInterface.Nonlinear.ReverseAD.NLPEvaluator}}, OptimMOIExt.var""#con_hessian!#con_hessian!##0""{Float64, MathOptInterface.Nonlinear.Evaluator{MathOptInterface.Nonlinear.ReverseAD.NLPEvaluator}}, Float64}, x0::Vector{Float64}, method::LBFGS{Nothing, LineSearches.InitialStatic{Float64}, LineSearches.HagerZhang{Float64, Base.RefValue{Bool}}, Returns{Nothing}}, options::Optim.Options{Float64, Nothing}; inplace::Bool, autodiff::ADTypes.AutoFiniteDiff{Val{:central}, Val{:central}, Val{:hcentral}, Nothing, Nothing, Bool}) |        @ Optim ~/.julia/packages/Optim/4rXX6/src/multivariate/optimize/interface.jl:238 |      [3] optimize(f::OnceDifferentiable{Float64, Vector{Float64}, Float64, Vector{Float64}}, c::TwiceDifferentiableConstraints{OptimMOIExt.var""#c!#c!##0""{MathOptInterface.Nonlinear.Evaluator{MathOptInterface.Nonlinear.ReverseAD.NLPEvaluator}}, OptimMOIExt.var""#jacobian!#jacobian!##0""{Float64, Vector{Float64}, Vector{Tuple{Int64, Int64}}, MathOptInterface.Nonlinear.Evaluator{MathOptInterface.Nonlinear.ReverseAD.NLPEvaluator}}, OptimMOIExt.var""#con_hessian!#con_hessian!##0""...","logs_optim_simples_2/ex14_1_8_jump_optim_2.log"
"jump_2/ex14_1_9_jump.jl","ex14_1_9_jump","Optim","LBFGS","ERRO_SOLVER","OPTIMIZE_NOT_CALLED","NO_SOLUTION","NO_SOLUTION","optimize not called","NaN","8.651386976242065","3","3","5","3000","","StackOverflowError: | Stacktrace: |      [1] optimize(f::OnceDifferentiable{Float64, Vector{Float64}, Float64, Vector{Float64}}, c::TwiceDifferentiableConstraints{OptimMOIExt.var""#c!#c!##0""{MathOptInterface.Nonlinear.Evaluator{MathOptInterface.Nonlinear.ReverseAD.NLPEvaluator}}, OptimMOIExt.var""#jacobian!#jacobian!##0""{Float64, Vector{Float64}, Vector{Tuple{Int64, Int64}}, MathOptInterface.Nonlinear.Evaluator{MathOptInterface.Nonlinear.ReverseAD.NLPEvaluator}}, OptimMOIExt.var""#con_hessian!#con_hessian!##0""{Float64, MathOptInterface.Nonlinear.Evaluator{MathOptInterface.Nonlinear.ReverseAD.NLPEvaluator}}, Float64}, x0::Vector{Float64}, method::LBFGS{Nothing, LineSearches.InitialStatic{Float64}, LineSearches.HagerZhang{Float64, Base.RefValue{Bool}}, Returns{Nothing}}, options::Optim.Options{Float64, Nothing}) |        @ Optim ~/.julia/packages/Optim/4rXX6/src/multivariate/optimize/interface.jl:227 |      [2] optimize(f::OnceDifferentiable{Float64, Vector{Float64}, Float64, Vector{Float64}}, c::TwiceDifferentiableConstraints{OptimMOIExt.var""#c!#c!##0""{MathOptInterface.Nonlinear.Evaluator{MathOptInterface.Nonlinear.ReverseAD.NLPEvaluator}}, OptimMOIExt.var""#jacobian!#jacobian!##0""{Float64, Vector{Float64}, Vector{Tuple{Int64, Int64}}, MathOptInterface.Nonlinear.Evaluator{MathOptInterface.Nonlinear.ReverseAD.NLPEvaluator}}, OptimMOIExt.var""#con_hessian!#con_hessian!##0""{Float64, MathOptInterface.Nonlinear.Evaluator{MathOptInterface.Nonlinear.ReverseAD.NLPEvaluator}}, Float64}, x0::Vector{Float64}, method::LBFGS{Nothing, LineSearches.InitialStatic{Float64}, LineSearches.HagerZhang{Float64, Base.RefValue{Bool}}, Returns{Nothing}}, options::Optim.Options{Float64, Nothing}; inplace::Bool, autodiff::ADTypes.AutoFiniteDiff{Val{:central}, Val{:central}, Val{:hcentral}, Nothing, Nothing, Bool}) |        @ Optim ~/.julia/packages/Optim/4rXX6/src/multivariate/optimize/interface.jl:238 | --- the above 2 lines are repeated 10899 more times --- |  [21801] optimize(f::OnceDifferentiable{Float64, Vector{Float64}, Float64, Vector{Float64}}, c::TwiceDifferentiableConstraints{OptimMOIExt.var""#c!#c!##0""{MathOptInterface.Nonlinear.Evaluator{MathOptInterface.Nonlinear.ReverseAD.NLPEvaluator}}, OptimMOIExt.var""#jacobian!#jacobian!##0""{Float64, Vector{Float64}, Vector{Tuple{Int64, Int64}}, MathOptInterface.Nonlinear.Evaluator{MathOptInterface.Nonlinear.ReverseAD.NLPEvaluator}}, OptimMOIExt.var""#con_hessian!#con_hessian!##0""{Float64, MathOptInterface.Nonlinear.Evaluator{MathOptInterfa...","logs_optim_simples_2/ex14_1_9_jump_optim_2.log"
"jump_2/ex2_1_1_jump.jl","ex2_1_1_jump","Optim","LBFGS","ERRO_SOLVER","OPTIMIZE_NOT_CALLED","NO_SOLUTION","NO_SOLUTION","optimize not called","NaN","8.84622311592102","6","2","12","3000","","StackOverflowError: | Stacktrace: |      [1] optimize(f::OnceDifferentiable{Float64, Vector{Float64}, Float64, Vector{Float64}}, c::TwiceDifferentiableConstraints{OptimMOIExt.var""#c!#c!##0""{MathOptInterface.Nonlinear.Evaluator{MathOptInterface.Nonlinear.ReverseAD.NLPEvaluator}}, OptimMOIExt.var""#jacobian!#jacobian!##0""{Float64, Vector{Float64}, Vector{Tuple{Int64, Int64}}, MathOptInterface.Nonlinear.Evaluator{MathOptInterface.Nonlinear.ReverseAD.NLPEvaluator}}, OptimMOIExt.var""#con_hessian!#con_hessian!##0""{Float64, MathOptInterface.Nonlinear.Evaluator{MathOptInterface.Nonlinear.ReverseAD.NLPEvaluator}}, Float64}, x0::Vector{Float64}, method::LBFGS{Nothing, LineSearches.InitialStatic{Float64}, LineSearches.HagerZhang{Float64, Base.RefValue{Bool}}, Returns{Nothing}}, options::Optim.Options{Float64, Nothing}; inplace::Bool, autodiff::ADTypes.AutoFiniteDiff{Val{:central}, Val{:central}, Val{:hcentral}, Nothing, Nothing, Bool}) |        @ Optim ~/.julia/packages/Optim/4rXX6/src/multivariate/optimize/interface.jl:227 |      [2] optimize(f::OnceDifferentiable{Float64, Vector{Float64}, Float64, Vector{Float64}}, c::TwiceDifferentiableConstraints{OptimMOIExt.var""#c!#c!##0""{MathOptInterface.Nonlinear.Evaluator{MathOptInterface.Nonlinear.ReverseAD.NLPEvaluator}}, OptimMOIExt.var""#jacobian!#jacobian!##0""{Float64, Vector{Float64}, Vector{Tuple{Int64, Int64}}, MathOptInterface.Nonlinear.Evaluator{MathOptInterface.Nonlinear.ReverseAD.NLPEvaluator}}, OptimMOIExt.var""#con_hessian!#con_hessian!##0""{Float64, MathOptInterface.Nonlinear.Evaluator{MathOptInterface.Nonlinear.ReverseAD.NLPEvaluator}}, Float64}, x0::Vector{Float64}, method::LBFGS{Nothing, LineSearches.InitialStatic{Float64}, LineSearches.HagerZhang{Float64, Base.RefValue{Bool}}, Returns{Nothing}}, options::Optim.Options{Float64, Nothing}; inplace::Bool, autodiff::ADTypes.AutoFiniteDiff{Val{:central}, Val{:central}, Val{:hcentral}, Nothing, Nothing, Bool}) |        @ Optim ~/.julia/packages/Optim/4rXX6/src/multivariate/optimize/interface.jl:238 |      [3] optimize(f::OnceDifferentiable{Float64, Vector{Float64}, Float64, Vector{Float64}}, c::TwiceDifferentiableConstraints{OptimMOIExt.var""#c!#c!##0""{MathOptInterface.Nonlinear.Evaluator{MathOptInterface.Nonlinear.ReverseAD.NLPEvaluator}}, OptimMOIExt.var""#jacobian!#jacobian!##0""{Float64, Vector{Float64}, Vector{Tuple{Int64, Int64}}, MathOptInterface.Nonlinear.Evaluator{MathOptInterface.Nonlinear.ReverseAD.NLPEvaluator}}, OptimMOIExt.var""#con_hessian!#con_hessian!##0""...","logs_optim_simples_2/ex2_1_1_jump_optim_2.log"
"jump_2/abel_jump.jl","abel_jump","Optim","LBFGS","ERRO_SOLVER","OPTIMIZE_NOT_CALLED","NO_SOLUTION","NO_SOLUTION","optimize not called","NaN","9.35178804397583","30","14","16","3000","","StackOverflowError: | Stacktrace: |      [1] optimize(f::OnceDifferentiable{Float64, Vector{Float64}, Float64, Vector{Float64}}, c::TwiceDifferentiableConstraints{OptimMOIExt.var""#c!#c!##0""{MathOptInterface.Nonlinear.Evaluator{MathOptInterface.Nonlinear.ReverseAD.NLPEvaluator}}, OptimMOIExt.var""#jacobian!#jacobian!##0""{Float64, Vector{Float64}, Vector{Tuple{Int64, Int64}}, MathOptInterface.Nonlinear.Evaluator{MathOptInterface.Nonlinear.ReverseAD.NLPEvaluator}}, OptimMOIExt.var""#con_hessian!#con_hessian!##0""{Float64, MathOptInterface.Nonlinear.Evaluator{MathOptInterface.Nonlinear.ReverseAD.NLPEvaluator}}, Float64}, x0::Vector{Float64}, method::LBFGS{Nothing, LineSearches.InitialStatic{Float64}, LineSearches.HagerZhang{Float64, Base.RefValue{Bool}}, Returns{Nothing}}, options::Optim.Options{Float64, Nothing}; inplace::Bool, autodiff::ADTypes.AutoFiniteDiff{Val{:central}, Val{:central}, Val{:hcentral}, Nothing, Nothing, Bool}) |        @ Optim ~/.julia/packages/Optim/4rXX6/src/multivariate/optimize/interface.jl:227 |      [2] optimize(f::OnceDifferentiable{Float64, Vector{Float64}, Float64, Vector{Float64}}, c::TwiceDifferentiableConstraints{OptimMOIExt.var""#c!#c!##0""{MathOptInterface.Nonlinear.Evaluator{MathOptInterface.Nonlinear.ReverseAD.NLPEvaluator}}, OptimMOIExt.var""#jacobian!#jacobian!##0""{Float64, Vector{Float64}, Vector{Tuple{Int64, Int64}}, MathOptInterface.Nonlinear.Evaluator{MathOptInterface.Nonlinear.ReverseAD.NLPEvaluator}}, OptimMOIExt.var""#con_hessian!#con_hessian!##0""{Float64, MathOptInterface.Nonlinear.Evaluator{MathOptInterface.Nonlinear.ReverseAD.NLPEvaluator}}, Float64}, x0::Vector{Float64}, method::LBFGS{Nothing, LineSearches.InitialStatic{Float64}, LineSearches.HagerZhang{Float64, Base.RefValue{Bool}}, Returns{Nothing}}, options::Optim.Options{Float64, Nothing}; inplace::Bool, autodiff::ADTypes.AutoFiniteDiff{Val{:central}, Val{:central}, Val{:hcentral}, Nothing, Nothing, Bool}) |        @ Optim ~/.julia/packages/Optim/4rXX6/src/multivariate/optimize/interface.jl:238 |      [3] optimize(f::OnceDifferentiable{Float64, Vector{Float64}, Float64, Vector{Float64}}, c::TwiceDifferentiableConstraints{OptimMOIExt.var""#c!#c!##0""{MathOptInterface.Nonlinear.Evaluator{MathOptInterface.Nonlinear.ReverseAD.NLPEvaluator}}, OptimMOIExt.var""#jacobian!#jacobian!##0""{Float64, Vector{Float64}, Vector{Tuple{Int64, Int64}}, MathOptInterface.Nonlinear.Evaluator{MathOptInterface.Nonlinear.ReverseAD.NLPEvaluator}}, OptimMOIExt.var""#con_hessian!#con_hessian!##0""...","logs_optim_simples_2/abel_jump_optim_2.log"
"jump_2/abel_jump.jl","abel_jump","Optim","LBFGS","ERRO_SOLVER","OPTIMIZE_NOT_CALLED","NO_SOLUTION","NO_SOLUTION","optimize not called","NaN","9.26812195777893","30","14","16","3000","","StackOverflowError: | Stacktrace: |      [1] optimize(f::OnceDifferentiable{Float64, Vector{Float64}, Float64, Vector{Float64}}, c::TwiceDifferentiableConstraints{OptimMOIExt.var""#c!#c!##0""{MathOptInterface.Nonlinear.Evaluator{MathOptInterface.Nonlinear.ReverseAD.NLPEvaluator}}, OptimMOIExt.var""#jacobian!#jacobian!##0""{Float64, Vector{Float64}, Vector{Tuple{Int64, Int64}}, MathOptInterface.Nonlinear.Evaluator{MathOptInterface.Nonlinear.ReverseAD.NLPEvaluator}}, OptimMOIExt.var""#con_hessian!#con_hessian!##0""{Float64, MathOptInterface.Nonlinear.Evaluator{MathOptInterface.Nonlinear.ReverseAD.NLPEvaluator}}, Float64}, x0::Vector{Float64}, method::LBFGS{Nothing, LineSearches.InitialStatic{Float64}, LineSearches.HagerZhang{Float64, Base.RefValue{Bool}}, Returns{Nothing}}, options::Optim.Options{Float64, Nothing}) |        @ Optim ~/.julia/packages/Optim/4rXX6/src/multivariate/optimize/interface.jl:227 |      [2] optimize(f::OnceDifferentiable{Float64, Vector{Float64}, Float64, Vector{Float64}}, c::TwiceDifferentiableConstraints{OptimMOIExt.var""#c!#c!##0""{MathOptInterface.Nonlinear.Evaluator{MathOptInterface.Nonlinear.ReverseAD.NLPEvaluator}}, OptimMOIExt.var""#jacobian!#jacobian!##0""{Float64, Vector{Float64}, Vector{Tuple{Int64, Int64}}, MathOptInterface.Nonlinear.Evaluator{MathOptInterface.Nonlinear.ReverseAD.NLPEvaluator}}, OptimMOIExt.var""#con_hessian!#con_hessian!##0""{Float64, MathOptInterface.Nonlinear.Evaluator{MathOptInterface.Nonlinear.ReverseAD.NLPEvaluator}}, Float64}, x0::Vector{Float64}, method::LBFGS{Nothing, LineSearches.InitialStatic{Float64}, LineSearches.HagerZhang{Float64, Base.RefValue{Bool}}, Returns{Nothing}}, options::Optim.Options{Float64, Nothing}; inplace::Bool, autodiff::ADTypes.AutoFiniteDiff{Val{:central}, Val{:central}, Val{:hcentral}, Nothing, Nothing, Bool}) |        @ Optim ~/.julia/packages/Optim/4rXX6/src/multivariate/optimize/interface.jl:238 | --- the above 2 lines are repeated 10899 more times --- |  [21801] optimize(f::OnceDifferentiable{Float64, Vector{Float64}, Float64, Vector{Float64}}, c::TwiceDifferentiableConstraints{OptimMOIExt.var""#c!#c!##0""{MathOptInterface.Nonlinear.Evaluator{MathOptInterface.Nonlinear.ReverseAD.NLPEvaluator}}, OptimMOIExt.var""#jacobian!#jacobian!##0""{Float64, Vector{Float64}, Vector{Tuple{Int64, Int64}}, MathOptInterface.Nonlinear.Evaluator{MathOptInterface.Nonlinear.ReverseAD.NLPEvaluator}}, OptimMOIExt.var""#con_hessian!#con_hessian!##0""{Float64, MathOptInterface.Nonlinear.Evaluator{MathOptInterfa...","logs_optim_simples_2/abel_jump_optim_2.log"
