"arquivo","modelo","solver","preset","status_execucao","status","status_primal","status_dual","raw_status","objetivo","tempo_jump_s","variaveis","restricoes_sem_bounds","restricoes_com_bounds","max_iter","tol","erro_include","erro_solver","log"
"jump_2/abel_jump.jl","abel_jump","UnoSolver","filtersqp","OK","LOCALLY_SOLVED","FEASIBLE_POINT","FEASIBLE_POINT","0","225.19458318564466","0.260879","30","14","16","3000","1.0e-7","","","logs_uno_simples_2/abel_jump_uno_2.log"
"jump_2/alkyl_jump.jl","alkyl_jump","UnoSolver","filtersqp","OK","LOCALLY_SOLVED","FEASIBLE_POINT","FEASIBLE_POINT","0","-1.7649996459410175","1.89191","14","7","35","3000","1.0e-7","","","logs_uno_simples_2/alkyl_jump_uno_2.log"
"jump_2/camshape100_jump.jl","camshape100_jump","UnoSolver","filtersqp","OK","ITERATION_LIMIT","INFEASIBLE_POINT","UNKNOWN_RESULT_STATUS","1","-4.39615260073027","116.130257","200","201","597","3000","1.0e-7","","","logs_uno_simples_2/camshape100_jump_uno_2.log"
"jump_2/camshape200_jump.jl","camshape200_jump","UnoSolver","filtersqp","OK","OTHER_ERROR","INFEASIBLE_POINT","UNKNOWN_RESULT_STATUS","4","-4.638809554336969","45.287289","400","401","1197","3000","1.0e-7","","","logs_uno_simples_2/camshape200_jump_uno_2.log"
"jump_2/catmix100_jump.jl","catmix100_jump","UnoSolver","filtersqp","OK","OTHER_ERROR","INFEASIBLE_POINT","UNKNOWN_RESULT_STATUS","4","0.008239043316471953","11.757204","304","201","405","3000","1.0e-7","","","logs_uno_simples_2/catmix100_jump_uno_2.log"
"jump_2/catmix200_jump.jl","catmix200_jump","UnoSolver","filtersqp","OK","OTHER_ERROR","INFEASIBLE_POINT","UNKNOWN_RESULT_STATUS","4","-0.006962468210711226","1.791859","604","401","805","3000","1.0e-7","","","logs_uno_simples_2/catmix200_jump_uno_2.log"
"jump_2/chain100_jump.jl","chain100_jump","UnoSolver","filtersqp","OK","LOCALLY_SOLVED","FEASIBLE_POINT","FEASIBLE_POINT","0","5.069784610475642","1.995108","203","102","104","3000","1.0e-7","","","logs_uno_simples_2/chain100_jump_uno_2.log"
"jump_2/chain200_jump.jl","chain200_jump","UnoSolver","filtersqp","OK","LOCALLY_SOLVED","FEASIBLE_POINT","FEASIBLE_POINT","0","5.068916869633041","3.238106","403","202","204","3000","1.0e-7","","","logs_uno_simples_2/chain200_jump_uno_2.log"
"jump_2/chain400_jump.jl","chain400_jump","UnoSolver","filtersqp","OK","LOCALLY_SOLVED","FEASIBLE_POINT","FEASIBLE_POINT","0","5.0686213068103445","5.324167","803","402","404","3000","1.0e-7","","","logs_uno_simples_2/chain400_jump_uno_2.log"
"jump_2/chain50_jump.jl","chain50_jump","UnoSolver","filtersqp","OK","LOCALLY_SOLVED","FEASIBLE_POINT","FEASIBLE_POINT","0","5.072261517029605","1.937759","103","52","54","3000","1.0e-7","","","logs_uno_simples_2/chain50_jump_uno_2.log"
"jump_2/chakra_jump.jl","chakra_jump","UnoSolver","filtersqp","OK","LOCALLY_SOLVED","FEASIBLE_POINT","FEASIBLE_POINT","0","-179.1335578689113","1.893556","63","42","104","3000","1.0e-7","","","logs_uno_simples_2/chakra_jump_uno_2.log"
"jump_2/chance_jump.jl","chance_jump","UnoSolver","filtersqp","OK","LOCALLY_SOLVED","FEASIBLE_POINT","FEASIBLE_POINT","0","29.894378158718734","2.063867","5","4","8","3000","1.0e-7","","","logs_uno_simples_2/chance_jump_uno_2.log"
"jump_2/chem_jump.jl","chem_jump","UnoSolver","filtersqp","OK","LOCALLY_SOLVED","FEASIBLE_POINT","FEASIBLE_POINT","0","-47.7065148308405","1.911602","12","5","16","3000","1.0e-7","","","logs_uno_simples_2/chem_jump_uno_2.log"
"jump_2/chenery_jump.jl","chenery_jump","UnoSolver","filtersqp","OK","LOCALLY_SOLVED","FEASIBLE_POINT","FEASIBLE_POINT","0","-1058.919855630225","2.093316","45","39","120","3000","1.0e-7","","","logs_uno_simples_2/chenery_jump_uno_2.log"
"jump_2/demo7_jump.jl","demo7_jump","UnoSolver","filtersqp","OK","OTHER_ERROR","INFEASIBLE_POINT","UNKNOWN_RESULT_STATUS","4","-435292.89716909255","0.960419","72","58","124","3000","1.0e-7","","","logs_uno_simples_2/demo7_jump_uno_2.log"
"jump_2/dispatch_jump.jl","dispatch_jump","UnoSolver","filtersqp","OK","LOCALLY_SOLVED","FEASIBLE_POINT","FEASIBLE_POINT","0","3155.287926847949","0.259293","5","3","9","3000","1.0e-7","","","logs_uno_simples_2/dispatch_jump_uno_2.log"
"jump_2/elec25_jump.jl","elec25_jump","UnoSolver","filtersqp","OK","LOCALLY_SOLVED","FEASIBLE_POINT","FEASIBLE_POINT","0","243.81276029875872","11.86474","76","26","26","3000","1.0e-7","","","logs_uno_simples_2/elec25_jump_uno_2.log"
"jump_2/elec50_jump.jl","elec50_jump","UnoSolver","filtersqp","OK","LOCALLY_SOLVED","FEASIBLE_POINT","FEASIBLE_POINT","0","1055.1823147262949","38.748983","151","51","51","3000","1.0e-7","","","logs_uno_simples_2/elec50_jump_uno_2.log"
"jump_2/etamac_jump.jl","etamac_jump","UnoSolver","filtersqp","OK","LOCALLY_SOLVED","FEASIBLE_POINT","FEASIBLE_POINT","0","-15.294675646786766","2.028409","98","71","159","3000","1.0e-7","","","logs_uno_simples_2/etamac_jump_uno_2.log"
"jump_2/ex14_1_2_jump.jl","ex14_1_2_jump","UnoSolver","filtersqp","OK","LOCALLY_SOLVED","FEASIBLE_POINT","FEASIBLE_POINT","0","1.2357108999276944e-21","2.018888","7","10","20","3000","1.0e-7","","","logs_uno_simples_2/ex14_1_2_jump_uno_2.log"
"jump_2/ex14_1_3_jump.jl","ex14_1_3_jump","UnoSolver","filtersqp","OK","LOCALLY_SOLVED","FEASIBLE_POINT","FEASIBLE_POINT","0","0.913368158640763","2.061788","4","5","9","3000","1.0e-7","","","logs_uno_simples_2/ex14_1_3_jump_uno_2.log"
"jump_2/ex_14_1_4_jump.jl","ex_14_1_4_jump","UnoSolver","filtersqp","OK","LOCALLY_SOLVED","FEASIBLE_POINT","FEASIBLE_POINT","0","0.0","1.881632","4","5","9","3000","1.0e-7","","","logs_uno_simples_2/ex_14_1_4_jump_uno_2.log"
"jump_2/ex_14_1_5_jump.jl","ex_14_1_5_jump","UnoSolver","filtersqp","OK","LOCALLY_SOLVED","FEASIBLE_POINT","FEASIBLE_POINT","0","0.0","2.020647","7","7","17","3000","1.0e-7","","","logs_uno_simples_2/ex_14_1_5_jump_uno_2.log"
"jump_2/ex_14_1_6_jump.jl","ex_14_1_6_jump","UnoSolver","filtersqp","OK","LOCALLY_SOLVED","FEASIBLE_POINT","FEASIBLE_POINT","0","1.0","0.29076","10","16","32","3000","1.0e-7","","","logs_uno_simples_2/ex_14_1_6_jump_uno_2.log"
"jump_2/ex_14_1_7_jump.jl","ex_14_1_7_jump","UnoSolver","filtersqp","OK","LOCALLY_SOLVED","FEASIBLE_POINT","FEASIBLE_POINT","0","5.466370638282493","2.031298","11","18","36","3000","1.0e-7","","","logs_uno_simples_2/ex_14_1_7_jump_uno_2.log"
"jump_2/ex14_1_8_jump.jl","ex14_1_8_jump","UnoSolver","filtersqp","OK","LOCALLY_SOLVED","FEASIBLE_POINT","FEASIBLE_POINT","0","0.01155183956828375","1.888667","4","5","9","3000","1.0e-7","","","logs_uno_simples_2/ex14_1_8_jump_uno_2.log"
"jump_2/ex14_1_9_jump.jl","ex14_1_9_jump","UnoSolver","filtersqp","OK","LOCALLY_SOLVED","FEASIBLE_POINT","FEASIBLE_POINT","0","0.0","2.06168","3","3","5","3000","1.0e-7","","","logs_uno_simples_2/ex14_1_9_jump_uno_2.log"
"jump_2/abel_jump.jl","abel_jump","UnoSolver","filtersqp","OK","LOCALLY_SOLVED","FEASIBLE_POINT","FEASIBLE_POINT","0","225.19458318564466","0.328807","30","14","16","3000","1.0e-7","","","logs_uno_simples_2/abel_jump_uno_2.log"
"jump_2/alkyl_jump.jl","alkyl_jump","UnoSolver","filtersqp","OK","LOCALLY_SOLVED","FEASIBLE_POINT","FEASIBLE_POINT","0","-1.7649996459410175","1.988161","14","7","35","3000","1.0e-7","","","logs_uno_simples_2/alkyl_jump_uno_2.log"
"jump_2/camshape100_jump.jl","camshape100_jump","UnoSolver","filtersqp","OK","ITERATION_LIMIT","INFEASIBLE_POINT","UNKNOWN_RESULT_STATUS","1","-4.39615260073027","115.850908","200","201","597","3000","1.0e-7","","","logs_uno_simples_2/camshape100_jump_uno_2.log"
"jump_2/camshape200_jump.jl","camshape200_jump","UnoSolver","filtersqp","OK","OTHER_ERROR","INFEASIBLE_POINT","UNKNOWN_RESULT_STATUS","4","-4.638809554336969","45.490234","400","401","1197","3000","1.0e-7","","","logs_uno_simples_2/camshape200_jump_uno_2.log"
"jump_2/catmix100_jump.jl","catmix100_jump","UnoSolver","filtersqp","OK","OTHER_ERROR","INFEASIBLE_POINT","UNKNOWN_RESULT_STATUS","4","0.008239043316471953","11.917704","304","201","405","3000","1.0e-7","","","logs_uno_simples_2/catmix100_jump_uno_2.log"
"jump_2/catmix200_jump.jl","catmix200_jump","UnoSolver","filtersqp","OK","OTHER_ERROR","INFEASIBLE_POINT","UNKNOWN_RESULT_STATUS","4","-0.006962468210711226","1.827375","604","401","805","3000","1.0e-7","","","logs_uno_simples_2/catmix200_jump_uno_2.log"
"jump_2/chain100_jump.jl","chain100_jump","UnoSolver","filtersqp","OK","LOCALLY_SOLVED","FEASIBLE_POINT","FEASIBLE_POINT","0","5.069784610475642","2.07785","203","102","104","3000","1.0e-7","","","logs_uno_simples_2/chain100_jump_uno_2.log"
"jump_2/chain200_jump.jl","chain200_jump","UnoSolver","filtersqp","OK","LOCALLY_SOLVED","FEASIBLE_POINT","FEASIBLE_POINT","0","5.068916869633041","3.347585","403","202","204","3000","1.0e-7","","","logs_uno_simples_2/chain200_jump_uno_2.log"
"jump_2/chain400_jump.jl","chain400_jump","UnoSolver","filtersqp","OK","LOCALLY_SOLVED","FEASIBLE_POINT","FEASIBLE_POINT","0","5.0686213068103445","5.377347","803","402","404","3000","1.0e-7","","","logs_uno_simples_2/chain400_jump_uno_2.log"
"jump_2/chain50_jump.jl","chain50_jump","UnoSolver","filtersqp","OK","LOCALLY_SOLVED","FEASIBLE_POINT","FEASIBLE_POINT","0","5.072261517029605","2.012693","103","52","54","3000","1.0e-7","","","logs_uno_simples_2/chain50_jump_uno_2.log"
"jump_2/chakra_jump.jl","chakra_jump","UnoSolver","filtersqp","OK","LOCALLY_SOLVED","FEASIBLE_POINT","FEASIBLE_POINT","0","-179.1335578689113","1.958773","63","42","104","3000","1.0e-7","","","logs_uno_simples_2/chakra_jump_uno_2.log"
"jump_2/chance_jump.jl","chance_jump","UnoSolver","filtersqp","OK","LOCALLY_SOLVED","FEASIBLE_POINT","FEASIBLE_POINT","0","29.894378158718734","2.202445","5","4","8","3000","1.0e-7","","","logs_uno_simples_2/chance_jump_uno_2.log"
"jump_2/chem_jump.jl","chem_jump","UnoSolver","filtersqp","OK","LOCALLY_SOLVED","FEASIBLE_POINT","FEASIBLE_POINT","0","-47.7065148308405","1.9979","12","5","16","3000","1.0e-7","","","logs_uno_simples_2/chem_jump_uno_2.log"
"jump_2/chenery_jump.jl","chenery_jump","UnoSolver","filtersqp","OK","LOCALLY_SOLVED","FEASIBLE_POINT","FEASIBLE_POINT","0","-1058.919855630225","2.197796","45","39","120","3000","1.0e-7","","","logs_uno_simples_2/chenery_jump_uno_2.log"
"jump_2/demo7_jump.jl","demo7_jump","UnoSolver","filtersqp","OK","OTHER_ERROR","INFEASIBLE_POINT","UNKNOWN_RESULT_STATUS","4","-435292.89716909255","0.97914","72","58","124","3000","1.0e-7","","","logs_uno_simples_2/demo7_jump_uno_2.log"
"jump_2/dispatch_jump.jl","dispatch_jump","UnoSolver","filtersqp","OK","LOCALLY_SOLVED","FEASIBLE_POINT","FEASIBLE_POINT","0","3155.287926847949","0.276479","5","3","9","3000","1.0e-7","","","logs_uno_simples_2/dispatch_jump_uno_2.log"
"jump_2/elec25_jump.jl","elec25_jump","UnoSolver","filtersqp","OK","LOCALLY_SOLVED","FEASIBLE_POINT","FEASIBLE_POINT","0","243.81276029875872","12.074849","76","26","26","3000","1.0e-7","","","logs_uno_simples_2/elec25_jump_uno_2.log"
"jump_2/elec50_jump.jl","elec50_jump","UnoSolver","filtersqp","OK","LOCALLY_SOLVED","FEASIBLE_POINT","FEASIBLE_POINT","0","1055.1823147262949","39.2444","151","51","51","3000","1.0e-7","","","logs_uno_simples_2/elec50_jump_uno_2.log"
"jump_2/etamac_jump.jl","etamac_jump","UnoSolver","filtersqp","OK","LOCALLY_SOLVED","FEASIBLE_POINT","FEASIBLE_POINT","0","-15.294675646786766","2.13221","98","71","159","3000","1.0e-7","","","logs_uno_simples_2/etamac_jump_uno_2.log"
"jump_2/ex14_1_2_jump.jl","ex14_1_2_jump","UnoSolver","filtersqp","OK","LOCALLY_SOLVED","FEASIBLE_POINT","FEASIBLE_POINT","0","1.2357108999276944e-21","2.113456","7","10","20","3000","1.0e-7","","","logs_uno_simples_2/ex14_1_2_jump_uno_2.log"
"jump_2/ex14_1_3_jump.jl","ex14_1_3_jump","UnoSolver","filtersqp","OK","LOCALLY_SOLVED","FEASIBLE_POINT","FEASIBLE_POINT","0","0.913368158640763","2.143429","4","5","9","3000","1.0e-7","","","logs_uno_simples_2/ex14_1_3_jump_uno_2.log"
"jump_2/ex_14_1_4_jump.jl","ex_14_1_4_jump","UnoSolver","filtersqp","OK","LOCALLY_SOLVED","FEASIBLE_POINT","FEASIBLE_POINT","0","0.0","2.003964","4","5","9","3000","1.0e-7","","","logs_uno_simples_2/ex_14_1_4_jump_uno_2.log"
"jump_2/ex_14_1_5_jump.jl","ex_14_1_5_jump","UnoSolver","filtersqp","OK","LOCALLY_SOLVED","FEASIBLE_POINT","FEASIBLE_POINT","0","0.0","2.104063","7","7","17","3000","1.0e-7","","","logs_uno_simples_2/ex_14_1_5_jump_uno_2.log"
"jump_2/ex_14_1_6_jump.jl","ex_14_1_6_jump","UnoSolver","filtersqp","OK","LOCALLY_SOLVED","FEASIBLE_POINT","FEASIBLE_POINT","0","1.0","0.309142","10","16","32","3000","1.0e-7","","","logs_uno_simples_2/ex_14_1_6_jump_uno_2.log"
"jump_2/ex_14_1_7_jump.jl","ex_14_1_7_jump","UnoSolver","filtersqp","OK","LOCALLY_SOLVED","FEASIBLE_POINT","FEASIBLE_POINT","0","5.466370638282493","2.126111","11","18","36","3000","1.0e-7","","","logs_uno_simples_2/ex_14_1_7_jump_uno_2.log"
"jump_2/ex14_1_8_jump.jl","ex14_1_8_jump","UnoSolver","filtersqp","OK","LOCALLY_SOLVED","FEASIBLE_POINT","FEASIBLE_POINT","0","0.01155183956828375","1.950735","4","5","9","3000","1.0e-7","","","logs_uno_simples_2/ex14_1_8_jump_uno_2.log"
"jump_2/ex14_1_9_jump.jl","ex14_1_9_jump","UnoSolver","filtersqp","OK","LOCALLY_SOLVED","FEASIBLE_POINT","FEASIBLE_POINT","0","0.0","2.145958","3","3","5","3000","1.0e-7","","","logs_uno_simples_2/ex14_1_9_jump_uno_2.log"
"jump_2/gtm_jump.jl","gtm_jump","UnoSolver","filtersqp","OK","LOCALLY_SOLVED","FEASIBLE_POINT","FEASIBLE_POINT","0","543.5650947901623","1.965814","64","25","124","3000","1.0e-7","","","logs_uno_simples_2/gtm_jump_uno_2.log"
"jump_2/harker_jump.jl","harker_jump","UnoSolver","filtersqp","OK","LOCALLY_SOLVED","FEASIBLE_POINT","FEASIBLE_POINT","0","-986.5134839918815","2.071296","21","8","28","3000","1.0e-7","","","logs_uno_simples_2/harker_jump_uno_2.log"
"jump_2/hhfair_jump.jl","hhfair_jump","UnoSolver","filtersqp","OK","ITERATION_LIMIT","INFEASIBLE_POINT","UNKNOWN_RESULT_STATUS","1","-70.47509592633617","2.348619","30","26","40","3000","1.0e-7","","","logs_uno_simples_2/hhfair_jump_uno_2.log"
"jump_2/haverly]_jump.jl","haverly]_jump","UnoSolver","filtersqp","ERRO_INCLUDE","","","","","NaN","NaN","","","","3000","1.0e-7","SystemError: opening file ""/home/rezendegdm/Documentos/otmization/jump_2/haverly]_jump.jl"": Arquivo ou diretório inexistente | Stacktrace: |  [1] include(mapexpr::Function, mod::Module, _path::String) |    @ Base ./Base.jl:307 |  [2] top-level scope |    @ ~/Documentos/otmization/rodar_um_uno_2.jl:79 |  [3] include(mod::Module, _path::String) |    @ Base ./Base.jl:306 |  [4] exec_options(opts::Base.JLOptions) |    @ Base ./client.jl:317 |  [5] _start() |    @ Base ./client.jl:550","","logs_uno_simples_2/haverly]_jump_uno_2.log"
"jump_2/haverly_jump.jl","haverly_jump","UnoSolver","filtersqp","OK","LOCALLY_SOLVED","FEASIBLE_POINT","FEASIBLE_POINT","0","-400.0000000000002","0.279433","13","10","24","3000","1.0e-7","","","logs_uno_simples_2/haverly_jump_uno_2.log"
"jump_2/house_jump.jl","house_jump","UnoSolver","filtersqp","OK","LOCALLY_SOLVED","FEASIBLE_POINT","FEASIBLE_POINT","0","-4500.0","0.271525","9","9","14","3000","1.0e-7","","","logs_uno_simples_2/house_jump_uno_2.log"
"jump_2/himmel_jump.jl","himmel_jump","UnoSolver","filtersqp","ERRO_INCLUDE","","","","","NaN","NaN","","","","3000","1.0e-7","SystemError: opening file ""/home/rezendegdm/Documentos/otmization/jump_2/himmel_jump.jl"": Arquivo ou diretório inexistente | Stacktrace: |  [1] include(mapexpr::Function, mod::Module, _path::String) |    @ Base ./Base.jl:307 |  [2] top-level scope |    @ ~/Documentos/otmization/rodar_um_uno_2.jl:79 |  [3] include(mod::Module, _path::String) |    @ Base ./Base.jl:306 |  [4] exec_options(opts::Base.JLOptions) |    @ Base ./client.jl:317 |  [5] _start() |    @ Base ./client.jl:550","","logs_uno_simples_2/himmel_jump_uno_2.log"
"jump_2/himmel16_jump.jl","himmel16_jump","UnoSolver","filtersqp","OK","ITERATION_LIMIT","FEASIBLE_POINT","UNKNOWN_RESULT_STATUS","1","-0.6714399100918768","0.422575","19","22","25","3000","1.0e-7","","","logs_uno_simples_2/himmel16_jump_uno_2.log"
"jump_2/immum_jump.jl","immum_jump","UnoSolver","filtersqp","OK","LOCALLY_SOLVED","FEASIBLE_POINT","FEASIBLE_POINT","0","0.0","0.305745","22","8","29","3000","1.0e-7","","","logs_uno_simples_2/immum_jump_uno_2.log"
"jump_2/Ints50_jump.jl","Ints50_jump","UnoSolver","filtersqp","OK","LOCALLY_SOLVED","FEASIBLE_POINT","FEASIBLE_POINT","0","0.554668763447192","2.233144","257","201","311","3000","1.0e-7","","","logs_uno_simples_2/Ints50_jump_uno_2.log"
"jump_2/Ints100_jump.jl","Ints100_jump","UnoSolver","filtersqp","OK","LOCALLY_SOLVED","FEASIBLE_POINT","FEASIBLE_POINT","0","0.5545954011668994","3.402601","507","401","611","3000","1.0e-7","","","logs_uno_simples_2/Ints100_jump_uno_2.log"
"jump_2/launch_jump.jl","launch_jump","UnoSolver","filtersqp","OK","OTHER_ERROR","FEASIBLE_POINT","UNKNOWN_RESULT_STATUS","4","2333.9781103042365","2.182913","39","29","78","3000","1.0e-7","","","logs_uno_simples_2/launch_jump_uno_2.log"
"jump_2/least_jump.jl","least_jump","UnoSolver","filtersqp","OK","LOCALLY_SOLVED","FEASIBLE_POINT","FEASIBLE_POINT","0","14085.139848919222","1.985346","4","1","3","3000","1.0e-7","","","logs_uno_simples_2/least_jump_uno_2.log"
"jump_2/linear_jump.jl","linear_jump","UnoSolver","filtersqp","OK","ITERATION_LIMIT","INFEASIBLE_POINT","UNKNOWN_RESULT_STATUS","1","-257.1875381929611","2.159845","25","21","61","3000","1.0e-7","","","logs_uno_simples_2/linear_jump_uno_2.log"
"jump_2/meanvar_jump.jl","meanvar_jump","UnoSolver","filtersqp","OK","ITERATION_LIMIT","INFEASIBLE_POINT","UNKNOWN_RESULT_STATUS","1","4.786384294089698","0.41728","9","3","18","3000","1.0e-7","","","logs_uno_simples_2/meanvar_jump_uno_2.log"
"jump_2/mhw4d_jump.jl","mhw4d_jump","UnoSolver","filtersqp","OK","LOCALLY_SOLVED","FEASIBLE_POINT","FEASIBLE_POINT","0","0.029310829790840178","1.98405","6","4","4","3000","1.0e-7","","","logs_uno_simples_2/mhw4d_jump_uno_2.log"
"jump_2/minlphi_jump.jl","minlphi_jump","UnoSolver","filtersqp","OK","LOCALLY_SOLVED","FEASIBLE_POINT","FEASIBLE_POINT","0","582.2361420430404","2.14384","65","80","150","3000","1.0e-7","","","logs_uno_simples_2/minlphi_jump_uno_2.log"
"jump_2/nemhaus_jump.jl","nemhaus_jump","UnoSolver","filtersqp","OK","LOCALLY_SOLVED","FEASIBLE_POINT","FEASIBLE_POINT","0","31.0","0.278822","6","6","11","3000","1.0e-7","","","logs_uno_simples_2/nemhaus_jump_uno_2.log"
"jump_2/otpop_jump.jl","otpop_jump","UnoSolver","filtersqp","OK","OTHER_ERROR","FEASIBLE_POINT","UNKNOWN_RESULT_STATUS","4","8.012034248694997","2.253541","104","77","136","3000","1.0e-7","","","logs_uno_simples_2/otpop_jump_uno_2.log"
"jump_2/pindyck_jump.jl","pindyck_jump","UnoSolver","filtersqp","OK","LOCALLY_SOLVED","FEASIBLE_POINT","FEASIBLE_POINT","0","-1170.4862854369264","2.01667","117","97","197","3000","1.0e-7","","","logs_uno_simples_2/pindyck_jump_uno_2.log"
"jump_2/pollut_jump.jl","pollut_jump","UnoSolver","filtersqp","OK","LOCALLY_SOLVED","FEASIBLE_POINT","FEASIBLE_POINT","0","-5.353268628747411e6","1.974335","43","9","89","3000","1.0e-7","","","logs_uno_simples_2/pollut_jump_uno_2.log"
"jump_2/polygon25_jump.jl","polygon25_jump","UnoSolver","filtersqp","OK","LOCALLY_SOLVED","FEASIBLE_POINT","FEASIBLE_POINT","0","-0.7197409726931957","2.09694","51","325","423","3000","1.0e-7","","","logs_uno_simples_2/polygon25_jump_uno_2.log"
"jump_2/polygon50_jump.jl","polygon50_jump","UnoSolver","filtersqp","OK","LOCALLY_SOLVED","FEASIBLE_POINT","FEASIBLE_POINT","0","-0.7793971875022679","4.138518","101","1275","1473","3000","1.0e-7","","","logs_uno_simples_2/polygon50_jump_uno_2.log"
"jump_2/prolog_jump.jl","prolog_jump","UnoSolver","filtersqp","ERRO_INCLUDE","","","","","NaN","NaN","","","","3000","1.0e-7","SystemError: opening file ""/home/rezendegdm/Documentos/otmization/jump_2/prolog_jump.jl"": Arquivo ou diretório inexistente | Stacktrace: |  [1] include(mapexpr::Function, mod::Module, _path::String) |    @ Base ./Base.jl:307 |  [2] top-level scope |    @ ~/Documentos/otmization/rodar_um_uno_2.jl:79 |  [3] include(mod::Module, _path::String) |    @ Base ./Base.jl:306 |  [4] exec_options(opts::Base.JLOptions) |    @ Base ./client.jl:317 |  [5] _start() |    @ Base ./client.jl:550","","logs_uno_simples_2/prolog_jump_uno_2.log"
"jump_2/qp3_jump.jl","qp3_jump","UnoSolver","filtersqp","OK","LOCALLY_SOLVED","FEASIBLE_POINT","FEASIBLE_POINT","0","0.0008093150503719268","2.03547","101","53","103","3000","1.0e-7","","","logs_uno_simples_2/qp3_jump_uno_2.log"
"jump_2/qp4_jump.jl","qp4_jump","UnoSolver","filtersqp","OK","LOCALLY_SOLVED","FEASIBLE_POINT","FEASIBLE_POINT","0","0.0008093150503719251","2.017919","80","32","82","3000","1.0e-7","","","logs_uno_simples_2/qp4_jump_uno_2.log"
"jump_2/qp5_jump.jl","qp5_jump","UnoSolver","filtersqp","OK","LOCALLY_SOLVED","FEASIBLE_POINT","FEASIBLE_POINT","0","0.4314558966206043","1.206253","109","32","140","3000","1.0e-7","","","logs_uno_simples_2/qp5_jump_uno_2.log"
"jump_2/ramsey_jump.jl","ramsey_jump","UnoSolver","filtersqp","OK","LOCALLY_SOLVED","FEASIBLE_POINT","FEASIBLE_POINT","0","-2.487468638966602","2.036402","34","23","66","3000","1.0e-7","","","logs_uno_simples_2/ramsey_jump_uno_2.log"
"jump_2/rbrock_jump.jl","rbrock_jump","UnoSolver","filtersqp","OK","LOCALLY_SOLVED","FEASIBLE_POINT","FEASIBLE_POINT","0","-2.2413235129261287e-10","1.997287","3","1","5","3000","1.0e-7","","","logs_uno_simples_2/rbrock_jump_uno_2.log"
"jump_2/ship_jump.jl","ship_jump","UnoSolver","filtersqp","ERRO_INCLUDE","","","","","NaN","NaN","","","","3000","1.0e-7","LoadError: UndefVarError: `x` not defined in `Main` | Suggestion: check for spelling errors or missing imports. | Stacktrace: |  [1] top-level scope |    @ ~/Documentos/otmization/jump_2/ship_jump.jl:64 |  [2] include(mapexpr::Function, mod::Module, _path::String) |    @ Base ./Base.jl:307 |  [3] top-level scope |    @ ~/Documentos/otmization/rodar_um_uno_2.jl:79 |  [4] include(mod::Module, _path::String) |    @ Base ./Base.jl:306 |  [5] exec_options(opts::Base.JLOptions) |    @ Base ./client.jl:317 |  [6] _start() |    @ Base ./client.jl:550 | in expression starting at /home/rezendegdm/Documentos/otmization/jump_2/ship_jump.jl:63","","logs_uno_simples_2/ship_jump_uno_2.log"
"jump_2/wall_jump.jl","wall_jump","UnoSolver","filtersqp","OK","LOCALLY_SOLVED","FEASIBLE_POINT","FEASIBLE_POINT","0","1.0000046575934247","0.66777","6","6","6","3000","1.0e-7","","","logs_uno_simples_2/wall_jump_uno_2.log"
"jump_2/water_jump.jl","water_jump","UnoSolver","filtersqp","OK","ITERATION_LIMIT","INFEASIBLE_POINT","UNKNOWN_RESULT_STATUS","1","137.87652869873537","1.563474","42","26","66","3000","1.0e-7","","","logs_uno_simples_2/water_jump_uno_2.log"
"jump_2/turkey_jump.jl","turkey_jump","UnoSolver","filtersqp","OK","LOCALLY_SOLVED","FEASIBLE_POINT","FEASIBLE_POINT","0","-29330.158040029142","1.817294","519","288","763","3000","1.0e-7","","","logs_uno_simples_2/turkey_jump_uno_2.log"
