"arquivo","modelo","status","status_primal","status_dual","raw_status","objetivo","tempo_jump_s","tempo_total_s","variaveis","restricoes_sem_bounds","restricoes_com_bounds","madnlp_iterations","madnlp_objective_final_log","madnlp_dual_infeasibility","madnlp_constraint_violation","madnlp_variable_bound_violation","madnlp_complementarity","madnlp_overall_nlp_error","madnlp_total_seconds","madnlp_jacobian_nnz","madnlp_hessian_nnz","erro_solver","log_madnlp"
"jump_2/abel_jump.jl","abel_jump","LOCALLY_SOLVED","FEASIBLE_POINT","FEASIBLE_POINT","Optimal Solution Found (tol = 1.0e-07).","225.1945831858502","4.966648101806641","9.463698863983154","30","14","16","1","2.2519458318585021e+02","6.0218496855668491e-13","5.6843418860808015e-14","","0.0000000000000000e+00","6.0218496855668491e-13","","70","30","","logs_madnlp_simples_2/abel_jump_madnlp_2.log"
"jump_2/alkyl_jump.jl","alkyl_jump","LOCALLY_SOLVED","FEASIBLE_POINT","FEASIBLE_POINT","Optimal Solution Found (tol = 1.0e-07).","-1.7650001355436729","9.213907957077026","15.91599988937378","14","7","35","12","-1.7650001355436729e+00","5.3808162064102904e-10","9.1752383468701737e-11","","9.3646402651437084e-09","9.3646402651437084e-09","","26","20","","logs_madnlp_simples_2/alkyl_jump_madnlp_2.log"
"jump_2/camshape100_jump.jl","camshape100_jump","LOCALLY_SOLVED","FEASIBLE_POINT","FEASIBLE_POINT","Optimal Solution Found (tol = 1.0e-07).","-4.284198894492761","4.528882026672363","9.134691953659058","200","201","597","31","-4.2841988944927607e+00","1.2644802566130764e-10","7.9718662227001857e-12","","9.1848340589764516e-09","9.1848340589764516e-09","","996","297","","logs_madnlp_simples_2/camshape100_jump_madnlp_2.log"
"jump_2/camshape200_jump.jl","camshape200_jump","LOCALLY_SOLVED","FEASIBLE_POINT","FEASIBLE_POINT","Optimal Solution Found (tol = 1.0e-07).","-4.278703900527611","4.566501140594482","9.373709917068481","400","401","1197","44","-4.2787039005276108e+00","3.3744028127280501e-09","1.6522549794268857e-11","","1.3272617277292603e-08","1.3272617277292603e-08","","1996","597","","logs_madnlp_simples_2/camshape200_jump_madnlp_2.log"
"jump_2/catmix100_jump.jl","catmix100_jump","LOCALLY_SOLVED","FEASIBLE_POINT","FEASIBLE_POINT","Optimal Solution Found (tol = 1.0e-07).","-0.04806901803790493","4.970975875854492","9.839704036712646","304","201","405","12","-4.8069018037904927e-02","7.5280008560163481e-08","3.5347416879345089e-09","","9.2811557264590069e-09","7.5280008560163481e-08","","2003","800","","logs_madnlp_simples_2/catmix100_jump_madnlp_2.log"
"jump_2/catmix200_jump.jl","catmix200_jump","LOCALLY_SOLVED","FEASIBLE_POINT","FEASIBLE_POINT","Optimal Solution Found (tol = 1.0e-07).","-0.0480583887039274","4.983680009841919","9.803177118301392","604","401","805","13","-4.8058388703927403e-02","6.1782965410372981e-09","3.0316817920027564e-10","","9.0988385347126980e-09","9.0988385347126980e-09","","4003","1600","","logs_madnlp_simples_2/catmix200_jump_madnlp_2.log"
"jump_2/chain100_jump.jl","chain100_jump","LOCALLY_SOLVED","FEASIBLE_POINT","FEASIBLE_POINT","Optimal Solution Found (tol = 1.0e-07).","5.069784610738305","9.78511095046997","16.555279970169067","203","102","104","7","5.0697846107383047e+00","6.8554883991822635e-13","2.7382540679354861e-12","","0.0000000000000000e+00","2.7382540679354861e-12","","704","404","","logs_madnlp_simples_2/chain100_jump_madnlp_2.log"
"jump_2/chain200_jump.jl","chain200_jump","LOCALLY_SOLVED","FEASIBLE_POINT","FEASIBLE_POINT","Optimal Solution Found (tol = 1.0e-07).","5.068917341692632","9.68861198425293","16.44047999382019","403","202","204","7","5.0689173416926323e+00","5.7462779326500346e-11","5.1828852321023078e-10","","0.0000000000000000e+00","5.1828852321023078e-10","","1404","804","","logs_madnlp_simples_2/chain200_jump_madnlp_2.log"
"jump_2/chain400_jump.jl","chain400_jump","LOCALLY_SOLVED","FEASIBLE_POINT","FEASIBLE_POINT","Optimal Solution Found (tol = 1.0e-07).","5.068621693115588","9.730637073516846","16.5091450214386","803","402","404","7","5.0686216931155883e+00","3.7643294384381853e-10","7.0947354657846518e-09","","0.0000000000000000e+00","7.0947354657846518e-09","","2804","1604","","logs_madnlp_simples_2/chain400_jump_madnlp_2.log"
"jump_2/chain50_jump.jl","chain50_jump","LOCALLY_SOLVED","FEASIBLE_POINT","FEASIBLE_POINT","Optimal Solution Found (tol = 1.0e-07).","5.0722614849232865","9.698217153549194","16.465154886245728","103","52","54","6","5.0722614849232865e+00","6.0314099686875622e-09","5.7002621289825584e-08","","0.0000000000000000e+00","5.7002621289825584e-08","","354","204","","logs_madnlp_simples_2/chain50_jump_madnlp_2.log"
"jump_2/chakra_jump.jl","chakra_jump","LOCALLY_SOLVED","FEASIBLE_POINT","FEASIBLE_POINT","Optimal Solution Found (tol = 1.0e-07).","-179.1335578648928","9.704590082168579","16.342430114746094","63","42","104","7","-1.7913355786489279e+02","2.3889248284569039e-12","4.6327386371558532e-11","","9.1028059025272649e-09","9.1028059025272649e-09","","143","41","","logs_madnlp_simples_2/chakra_jump_madnlp_2.log"
"jump_2/chance_jump.jl","chance_jump","LOCALLY_SOLVED","FEASIBLE_POINT","FEASIBLE_POINT","Optimal Solution Found (tol = 1.0e-07).","29.89437815083831","9.23629903793335","15.978389024734497","5","4","8","6","2.9894378150838310e+01","8.7605024307347841e-12","9.0721597858635741e-12","","9.1484216834472282e-09","9.1484216834472282e-09","","17","10","","logs_madnlp_simples_2/chance_jump_madnlp_2.log"
"jump_2/chem_jump.jl","chem_jump","LOCALLY_SOLVED","FEASIBLE_POINT","FEASIBLE_POINT","Optimal Solution Found (tol = 1.0e-07).","-47.70651482545998","9.2185640335083","15.819450855255127","12","5","16","18","-4.7706514825459983e+01","2.0299597335645021e-09","4.7535309022350702e-12","","9.0974776772740601e-09","9.0974776772740601e-09","","37","21","","logs_madnlp_simples_2/chem_jump_madnlp_2.log"
"jump_2/chenery_jump.jl","chenery_jump","LOCALLY_SOLVED","FEASIBLE_POINT","FEASIBLE_POINT","Optimal Solution Found (tol = 1.0e-07).","-1058.919855918274","9.245409965515137","16.38310718536377","45","39","120","17","-1.0589198559182739e+03","1.1130437717332686e-11","1.4068240288527785e-10","","9.2247822183502590e-09","9.2247822183502590e-09","","133","42","","logs_madnlp_simples_2/chenery_jump_madnlp_2.log"
"jump_2/demo7_jump.jl","demo7_jump","LOCALLY_SOLVED","FEASIBLE_POINT","FEASIBLE_POINT","Optimal Solution Found (tol = 1.0e-07).","-1.5890423907011398e6","4.471658945083618","9.19454312324524","72","58","124","84","-1.5890423907011398e+06","1.3686374689618532e-13","2.3283064365386963e-10","","9.0913090389228044e-09","9.0913090389228044e-09","","307","12","","logs_madnlp_simples_2/demo7_jump_madnlp_2.log"
"jump_2/dispatch_jump.jl","dispatch_jump","LOCALLY_SOLVED","FEASIBLE_POINT","FEASIBLE_POINT","Optimal Solution Found (tol = 1.0e-07).","3155.2878994365037","4.521553039550781","9.300472021102905","5","3","9","10","3.1552878994365037e+03","1.1379786002407855e-14","5.0022208597511053e-12","","9.1158535592896841e-09","9.1158535592896841e-09","","24","9","","logs_madnlp_simples_2/dispatch_jump_madnlp_2.log"
"jump_2/elec25_jump.jl","elec25_jump","LOCALLY_SOLVED","FEASIBLE_POINT","FEASIBLE_POINT","Optimal Solution Found (tol = 1.0e-07).","243.81276029876577","9.730459928512573","16.524261951446533","76","26","26","272","2.4381276029876577e+02","5.1722781613250390e-08","7.0855321609997191e-11","","0.0000000000000000e+00","5.1722781613250390e-08","","151","2925","","logs_madnlp_simples_2/elec25_jump_madnlp_2.log"
"jump_2/elec50_jump.jl","elec50_jump","LOCALLY_SOLVED","FEASIBLE_POINT","FEASIBLE_POINT","Optimal Solution Found (tol = 1.0e-07).","1055.1823147260404","11.87376594543457","18.6628098487854","151","51","51","188","1.0551823147260404e+03","7.3571815306650024e-10","2.5589987314195571e-10","","0.0000000000000000e+00","7.3571815306650024e-10","","301","11475","","logs_madnlp_simples_2/elec50_jump_madnlp_2.log"
"jump_2/etamac_jump.jl","etamac_jump","LOCALLY_SOLVED","FEASIBLE_POINT","FEASIBLE_POINT","Optimal Solution Found (tol = 1.0e-07).","-15.29467570582149","9.690430164337158","16.418437004089355","98","71","159","16","-1.5294675705821490e+01","1.6587282804946956e-08","8.7188599451337723e-08","","9.7623332726154305e-08","9.7623332726154305e-08","","226","60","","logs_madnlp_simples_2/etamac_jump_madnlp_2.log"
"jump_2/ex14_1_2_jump.jl","ex14_1_2_jump","LOCALLY_SOLVED","FEASIBLE_POINT","FEASIBLE_POINT","Optimal Solution Found (tol = 1.0e-07).","6.269855688830262e-8","9.247478008270264","16.084378957748413","7","10","20","21","6.2698556888302618e-08","8.4689236660326273e-09","2.3895030892610804e-10","","1.0231882614459565e-08","1.0231882614459565e-08","","46","39","","logs_madnlp_simples_2/ex14_1_2_jump_madnlp_2.log"
"jump_2/ex14_1_3_jump.jl","ex14_1_3_jump","LOCALLY_SOLVED","FEASIBLE_POINT","FEASIBLE_POINT","Optimal Solution Found (tol = 1.0e-07).","0.9133678364618976","9.19189190864563","16.071993112564087","4","5","9","14","9.1336783646189756e-01","2.0639845388359390e-09","2.1530560320726089e-11","","9.1345831731782136e-09","9.1345831731782136e-09","","14","6","","logs_madnlp_simples_2/ex14_1_3_jump_madnlp_2.log"
"jump_2/ex_14_1_4_jump.jl","ex_14_1_4_jump","LOCALLY_SOLVED","FEASIBLE_POINT","FEASIBLE_POINT","Optimal Solution Found (tol = 1.0e-07).","2.636975469113362e-8","9.183312892913818","15.939030885696411","4","5","9","6","2.6369754691133620e-08","5.9192960056784328e-11","1.0877498874840700e-11","","9.1683372524821545e-09","9.1683372524821545e-09","","14","8","","logs_madnlp_simples_2/ex_14_1_4_jump_madnlp_2.log"
"jump_2/ex_14_1_5_jump.jl","ex_14_1_5_jump","LOCALLY_SOLVED","FEASIBLE_POINT","FEASIBLE_POINT","Optimal Solution Found (tol = 1.0e-07).","8.176881730345344e-9","9.195812940597534","15.956624984741211","7","7","17","5","8.1768817303453438e-09","1.6905004418672020e-11","6.7948064078460332e-12","","9.1011747230439939e-09","9.1011747230439939e-09","","34","30","","logs_madnlp_simples_2/ex_14_1_5_jump_madnlp_2.log"
"jump_2/ex_14_1_6_jump.jl","ex_14_1_6_jump","LOCALLY_SOLVED","FEASIBLE_POINT","FEASIBLE_POINT","Optimal Solution Found (tol = 1.0e-07).","0.999999999090945","4.762001037597656","9.483138084411621","10","16","32","267","9.9999999909094495e-01","9.0916236182050886e-08","2.2204460492503131e-16","","9.0909343091353685e-09","9.0916236182050886e-08","","74","26","","logs_madnlp_simples_2/ex_14_1_6_jump_madnlp_2.log"
"jump_2/ex_14_1_7_jump.jl","ex_14_1_7_jump","LOCALLY_SOLVED","FEASIBLE_POINT","FEASIBLE_POINT","Optimal Solution Found (tol = 1.0e-07).","1.3543259165075823e-7","9.30717396736145","16.289047956466675","11","18","36","128","1.3543259165075823e-07","7.5996836708560798e-11","4.0130177917468749e-09","","1.7093847135868077e-08","1.7093847135868077e-08","","118","338","","logs_madnlp_simples_2/ex_14_1_7_jump_madnlp_2.log"
"jump_2/ex14_1_8_jump.jl","ex14_1_8_jump","LOCALLY_SOLVED","FEASIBLE_POINT","FEASIBLE_POINT","Optimal Solution Found (tol = 1.0e-07).","0.04141589449183702","9.222945928573608","16.033708810806274","4","5","9","13","4.1415894491837017e-02","3.3270533366295488e-09","4.1103358534193632e-11","","9.6171689370892172e-09","9.6171689370892172e-09","","12","8","","logs_madnlp_simples_2/ex14_1_8_jump_madnlp_2.log"
"jump_2/ex14_1_9_jump.jl","ex14_1_9_jump","LOCALLY_SOLVED","FEASIBLE_POINT","FEASIBLE_POINT","Optimal Solution Found (tol = 1.0e-07).","8.181822531473049e-9","9.249136924743652","16.020435094833374","3","3","5","8","8.1818225314730491e-09","2.8679236713673748e-16","1.3181908737030634e-14","","9.0909462895585847e-09","9.0909462895585847e-09","","6","2","","logs_madnlp_simples_2/ex14_1_9_jump_madnlp_2.log"
"jump_2/ex2_1_1_jump.jl","ex2_1_1_jump","LOCALLY_SOLVED","FEASIBLE_POINT","FEASIBLE_POINT","Optimal Solution Found (tol = 1.0e-07).","-17.00000255701434","4.4344260692596436","9.282228946685791","6","2","12","6","-1.7000002557014341e+01","1.4210854715202004e-14","2.1942246996434431e-09","","1.6574247596549889e-08","1.6574247596549889e-08","","16","5","","logs_madnlp_simples_2/ex2_1_1_jump_madnlp_2.log"
"jump_2/ex2_1_2_jump.jl","ex2_1_2_jump","LOCALLY_SOLVED","FEASIBLE_POINT","FEASIBLE_POINT","Optimal Solution Found (tol = 1.0e-07).","-213.00000395046058","4.479245185852051","9.28910207748413","7","3","14","7","-2.1300000395046058e+02","9.0308733750762600e-14","4.7184478546569153e-13","","9.0993500368099178e-09","9.0993500368099178e-09","","20","5","","logs_madnlp_simples_2/ex2_1_2_jump_madnlp_2.log"
"jump_2/ex2_1_3_jump.jl","ex2_1_3_jump","LOCALLY_SOLVED","FEASIBLE_POINT","FEASIBLE_POINT","Optimal Solution Found (tol = 1.0e-07).","-15.000000216503896","4.418004035949707","9.213268041610718","14","10","33","6","-1.5000000216503896e+01","9.0932685033596854e-14","3.0677682616442326e-12","","1.9998196303490702e-08","1.9998196303490702e-08","","45","4","","logs_madnlp_simples_2/ex2_1_3_jump_madnlp_2.log"
"jump_2/ex2_1_4_jump.jl","ex2_1_4_jump","LOCALLY_SOLVED","FEASIBLE_POINT","FEASIBLE_POINT","Optimal Solution Found (tol = 1.0e-07).","-11.000000045024082","4.326271057128906","8.995110034942627","7","6","16","6","-1.1000000045024082e+01","4.4188150027935080e-08","2.3095306238416143e-10","","8.2800335156187579e-08","8.2800335156187579e-08","","38","1","","logs_madnlp_simples_2/ex2_1_4_jump_madnlp_2.log"
"jump_2/ex2_1_6_jump.jl","ex2_1_6_jump","LOCALLY_SOLVED","FEASIBLE_POINT","FEASIBLE_POINT","Optimal Solution Found (tol = 1.0e-07).","-39.0000051616299","4.351477146148682","9.027503967285156","11","6","26","6","-3.9000005161629900e+01","2.8421709430404007e-14","4.2156287349826016e-09","","1.0704761279163500e-08","1.0704761279163500e-08","","67","10","","logs_madnlp_simples_2/ex2_1_6_jump_madnlp_2.log"
"jump_2/ex2_1_7_jump.jl","ex2_1_7_jump","LOCALLY_SOLVED","FEASIBLE_POINT","FEASIBLE_POINT","Optimal Solution Found (tol = 1.0e-07).","-4150.410258009035","4.341571092605591","8.848239183425903","21","11","31","7","-4.1504102580090348e+03","1.7053025658242404e-13","5.5422333389287814e-13","","7.2116155513394579e-09","7.2116155513394579e-09","","205","20","","logs_madnlp_simples_2/ex2_1_7_jump_madnlp_2.log"
"jump_2/ex2_1_8_jump.jl","ex2_1_8_jump","LOCALLY_INFEASIBLE","INFEASIBLE_POINT","INFEASIBLE_POINT","Converged to a point of local infeasibility. Problem may be infeasible.","18528.157632408802","4.384610891342163","8.899115085601807","25","11","59","79","1.8528157632408802e+04","9.9999999998752986e-01","1.2166195374758324e-09","","9.0909251429380103e-09","9.9999999998752986e-01","","97","24","","logs_madnlp_simples_2/ex2_1_8_jump_madnlp_2.log"
"jump_2/ex2_1_9_jump.jl","ex2_1_9_jump","LOCALLY_SOLVED","FEASIBLE_POINT","FEASIBLE_POINT","Optimal Solution Found (tol = 1.0e-07).","-0.374999972952143","4.363929033279419","8.911883115768433","11","2","12","6","-3.7499997295214299e-01","9.1038288019262836e-14","1.3222118046519096e-12","","9.0936680912786497e-09","9.0936680912786497e-09","","55","22","","logs_madnlp_simples_2/ex2_1_9_jump_madnlp_2.log"
"jump_2/ex3_1_1_jump.jl","ex3_1_1_jump","LOCALLY_SOLVED","FEASIBLE_POINT","FEASIBLE_POINT","Optimal Solution Found (tol = 1.0e-07).","7049.247765673006","4.322180986404419","8.993144035339355","9","7","23","9","7.0492477656730061e+03","7.1141977700575219e-16","7.2759576141834259e-12","","1.6279757177801654e-09","1.6279757177801654e-09","","26","5","","logs_madnlp_simples_2/ex3_1_1_jump_madnlp_2.log"
"jump_2/ex3_1_2_jump.jl","ex3_1_2_jump","LOCALLY_SOLVED","FEASIBLE_POINT","FEASIBLE_POINT","Optimal Solution Found (tol = 1.0e-07).","-30665.53886319654","4.3403260707855225","9.049488067626953","6","7","17","8","-3.0665538863196540e+04","6.8583932988594436e-14","1.8189894035458565e-12","","9.0913842944749300e-09","9.0913842944749300e-09","","39","20","","logs_madnlp_simples_2/ex3_1_2_jump_madnlp_2.log"
"jump_2/ex3_1_3_jump.jl","ex3_1_3_jump","LOCALLY_SOLVED","FEASIBLE_POINT","FEASIBLE_POINT","Optimal Solution Found (tol = 1.0e-07).","-310.0000095082422","4.497671127319336","9.394644975662231","7","7","17","11","-3.1000000950824221e+02","1.3064164861020799e-08","7.1054273576010019e-15","","1.1781436533593118e-08","1.3064164861020799e-08","","27","8","","logs_madnlp_simples_2/ex3_1_3_jump_madnlp_2.log"
"jump_2/ex3_1_4_jump.jl","ex3_1_4_jump","LOCALLY_SOLVED","FEASIBLE_POINT","FEASIBLE_POINT","Optimal Solution Found (tol = 1.0e-07).","-4.0000001427346294","4.406328916549683","9.247557163238525","4","4","9","6","-4.0000001427346294e+00","6.9225299443796651e-11","4.4263259724175441e-11","","9.0912689328406782e-09","9.0912689328406782e-09","","21","6","","logs_madnlp_simples_2/ex3_1_4_jump_madnlp_2.log"
"jump_2/ex4_1_1_jump.jl","ex4_1_1_jump","LOCALLY_SOLVED","FEASIBLE_POINT","FEASIBLE_POINT","Optimal Solution Found (tol = 1.0e-07).","-0.5199780610800286","9.020155906677246","15.49259090423584","2","1","3","17","-5.1997806108002864e-01","3.2723894642745789e-15","3.7581049383561555e-18","","9.0909520106250636e-09","9.0909520106250636e-09","","2","1","","logs_madnlp_simples_2/ex4_1_1_jump_madnlp_2.log"
"jump_2/ex4_1_2_jump.jl","ex4_1_2_jump","LOCALLY_SOLVED","FEASIBLE_POINT","FEASIBLE_POINT","Optimal Solution Found (tol = 1.0e-07).","-663.5000966105","9.030606031417847","15.489068031311035","2","1","3","7","-6.6350009661050001e+02","2.9476397760517137e-12","1.1368683772161603e-13","","9.0909118774530750e-09","9.0909118774530750e-09","","2","1","","logs_madnlp_simples_2/ex4_1_2_jump_madnlp_2.log"
"jump_2/ex4_1_3_jump.jl","ex4_1_3_jump","LOCALLY_SOLVED","FEASIBLE_POINT","FEASIBLE_POINT","Optimal Solution Found (tol = 1.0e-07).","-443.67170474112436","8.965219020843506","15.542710065841675","2","1","3","4","-4.4367170474112436e+02","1.8400025663022759e-13","0.0000000000000000e+00","","9.0909095381741332e-09","9.0909095381741332e-09","","2","1","","logs_madnlp_simples_2/ex4_1_3_jump_madnlp_2.log"
"jump_2/ex4_1_5_jump.jl","ex4_1_5_jump","LOCALLY_SOLVED","FEASIBLE_POINT","FEASIBLE_POINT","Optimal Solution Found (tol = 1.0e-07).","-4.400094531602996e-14","9.167630910873413","15.795811891555786","3","1","3","4","-4.4000945316029962e-14","9.0909092016112049e-14","4.4001889743328229e-14","","9.0909779993224760e-09","9.0909779993224760e-09","","3","3","","logs_madnlp_simples_2/ex4_1_5_jump_madnlp_2.log"
"jump_2/ex4_1_6_jump.jl","ex4_1_6_jump","LOCALLY_SOLVED","FEASIBLE_POINT","FEASIBLE_POINT","Optimal Solution Found (tol = 1.0e-07).","6.9999999999999565","9.156110048294067","15.646037817001343","2","1","3","4","6.9999999999999565e+00","1.7812026320410822e-13","1.4210854715202004e-13","","9.0909098222440740e-09","9.0909098222440740e-09","","2","1","","logs_madnlp_simples_2/ex4_1_6_jump_madnlp_2.log"
"jump_2/ex4_1_7_jump.jl","ex4_1_7_jump","LOCALLY_SOLVED","FEASIBLE_POINT","FEASIBLE_POINT","Optimal Solution Found (tol = 1.0e-07).","-7.500000000000001","8.94928789138794","15.390461921691895","2","1","3","4","-7.5000000000000009e+00","4.2590838879107791e-16","8.8817841970012523e-16","","9.0909117108943973e-09","9.0909117108943973e-09","","2","1","","logs_madnlp_simples_2/ex4_1_7_jump_madnlp_2.log"
"jump_2/ex4_1_8_jump.jl","ex4_1_8_jump","LOCALLY_SOLVED","FEASIBLE_POINT","FEASIBLE_POINT","Optimal Solution Found (tol = 1.0e-07).","-16.738893184394673","9.011542081832886","15.55190110206604","3","2","6","4","-1.6738893184394673e+01","6.2391320976206625e-14","7.9936057773011271e-15","","9.0910207973926938e-09","9.0910207973926938e-09","","6","2","","logs_madnlp_simples_2/ex4_1_8_jump_madnlp_2.log"
"jump_2/ex4_1_9_jump.jl","ex4_1_9_jump","LOCALLY_SOLVED","FEASIBLE_POINT","FEASIBLE_POINT","Optimal Solution Found (tol = 1.0e-07).","-5.508013263419826","8.884936094284058","15.351553916931152","3","3","7","5","-5.5080132634198264e+00","3.7413088149956060e-14","1.4589112109345318e-12","","9.0999795439396891e-09","9.0999795439396891e-09","","7","2","","logs_madnlp_simples_2/ex4_1_9_jump_madnlp_2.log"
"jump_2/ex5_2_2_case1_jump.jl","ex5_2_2_case1_jump","LOCALLY_SOLVED","FEASIBLE_POINT","FEASIBLE_POINT","Optimal Solution Found (tol = 1.0e-07).","-400.0000040865145","4.317008972167969","9.077107906341553","10","7","25","20","-4.0000000408651448e+02","1.9665781810313075e-10","2.2015456124790944e-10","","1.2492068381836921e-08","1.2492068381836921e-08","","31","4","","logs_madnlp_simples_2/ex5_2_2_case1_jump_madnlp_2.log"
"jump_2/ex5_2_2_case2_jump.jl","ex5_2_2_case2_jump","LOCALLY_SOLVED","FEASIBLE_POINT","FEASIBLE_POINT","Optimal Solution Found (tol = 1.0e-07).","-400.0000040870045","4.3361170291900635","9.126134872436523","10","7","25","19","-4.0000000408700453e+02","1.7364559253291980e-10","2.4611779281258350e-10","","1.2271220239661186e-08","1.2271220239661186e-08","","31","4","","logs_madnlp_simples_2/ex5_2_2_case2_jump_madnlp_2.log"
"jump_2/ex5_2_2_case3_jump.jl","ex5_2_2_case3_jump","LOCALLY_SOLVED","FEASIBLE_POINT","FEASIBLE_POINT","Optimal Solution Found (tol = 1.0e-07).","-750.0000075037093","4.3363869190216064","9.097179889678955","10","7","25","23","-7.5000000750370930e+02","1.2746749474981852e-09","1.0231815394945443e-12","","1.2544659546609050e-08","1.2544659546609050e-08","","31","4","","logs_madnlp_simples_2/ex5_2_2_case3_jump_madnlp_2.log"
"jump_2/ex5_2_4_jump.jl","ex5_2_4_jump","LOCALLY_SOLVED","FEASIBLE_POINT","FEASIBLE_POINT","Optimal Solution Found (tol = 1.0e-07).","-450.0000065668687","4.326114892959595","9.066094875335693","8","7","21","24","-4.5000000656686871e+02","1.7183481304527959e-09","9.1074525698786601e-10","","1.3739187734893526e-08","1.3739187734893526e-08","","44","14","","logs_madnlp_simples_2/ex5_2_4_jump_madnlp_2.log"
"jump_2/ex5_2_5_jump.jl","ex5_2_5_jump","LOCALLY_SOLVED","FEASIBLE_POINT","FEASIBLE_POINT","Optimal Solution Found (tol = 1.0e-07).","-3500.0000469921133","4.382467985153198","9.085833072662354","33","20","84","221","-3.5000000469921133e+03","8.0276208444715786e-08","1.6939310398811358e-08","","9.5905366624809279e-09","8.0276208444715786e-08","","479","195","","logs_madnlp_simples_2/ex5_2_5_jump_madnlp_2.log"
"jump_2/ex5_3_2_jump.jl","ex5_3_2_jump","LOCALLY_SOLVED","FEASIBLE_POINT","FEASIBLE_POINT","Optimal Solution Found (tol = 1.0e-07).","1.864159512609786","4.361660957336426","8.927896976470947","23","17","61","39","1.8641595126097861e+00","4.1677274243990591e-12","2.1174173525650986e-12","","9.0926472497275631e-09","9.0926472497275631e-09","","64","12","","logs_madnlp_simples_2/ex5_3_2_jump_madnlp_2.log"
"jump_2/ex5_3_3_jump.jl","ex5_3_3_jump","LOCALLY_INFEASIBLE","INFEASIBLE_POINT","INFEASIBLE_POINT","Converged to a point of local infeasibility. Problem may be infeasible.","3.9141555667403236","4.399953126907349","8.953943967819214","63","54","178","169","3.9141555667403236e+00","9.9999999996931743e-01","5.6843418860808015e-14","","9.0909091442671240e-09","9.9999999996931743e-01","","297","103","","logs_madnlp_simples_2/ex5_3_3_jump_madnlp_2.log"
"jump_2/ex5_4_2_jump.jl","ex5_4_2_jump","LOCALLY_SOLVED","FEASIBLE_POINT","FEASIBLE_POINT","Optimal Solution Found (tol = 1.0e-07).","7512.22988664438","4.326020002365112","8.951725006103516","9","7","23","22","7.5122298866443798e+03","1.4210854715202004e-14","7.1888251303445264e-12","","9.0913089480240493e-09","9.0913089480240493e-09","","26","5","","logs_madnlp_simples_2/ex5_4_2_jump_madnlp_2.log"
"jump_2/ex5_4_3_jump.jl","ex5_4_3_jump","LOCALLY_SOLVED","FEASIBLE_POINT","FEASIBLE_POINT","Optimal Solution Found (tol = 1.0e-07).","4845.461995378778","8.971783876419067","15.565985918045044","17","14","46","103","4.8454619953787778e+03","7.6241235547058750e-11","7.8443918027915061e-12","","9.1690338894583757e-09","9.1690338894583757e-09","","45","14","","logs_madnlp_simples_2/ex5_4_3_jump_madnlp_2.log"
"jump_2/ex5_4_4_jump.jl","ex5_4_4_jump","LOCALLY_SOLVED","FEASIBLE_POINT","FEASIBLE_POINT","Optimal Solution Found (tol = 1.0e-07).","12138.447978397366","8.94609785079956","15.492601156234741","28","20","74","81","1.2138447978397366e+04","3.1540692262417512e-11","1.2050804798491299e-11","","9.3645115286450889e-09","9.3645115286450889e-09","","79","24","","logs_madnlp_simples_2/ex5_4_4_jump_madnlp_2.log"
"jump_2/ex6_1_1_jump.jl","ex6_1_1_jump","LOCALLY_SOLVED","FEASIBLE_POINT","FEASIBLE_POINT","Optimal Solution Found (tol = 1.0e-07).","-0.017577543292944153","4.346698999404907","8.030996799468994","9","7","19","10","-1.7577543292944153e-02","2.8738117273898615e-08","1.6546752301671575e-09","","1.1803240423631685e-08","2.8738117273898615e-08","","33","22","","logs_madnlp_simples_2/ex6_1_1_jump_madnlp_2.log"
"jump_2/ex6_1_2_jump.jl","ex6_1_2_jump","LOCALLY_SOLVED","FEASIBLE_POINT","FEASIBLE_POINT","Optimal Solution Found (tol = 1.0e-07).","-0.017577543292944153","4.358023166656494","8.014142036437988","9","7","19","10","-1.7577543292944153e-02","2.8738117273898615e-08","1.6546752301671575e-09","","1.1803240423631685e-08","2.8738117273898615e-08","","33","22","","logs_madnlp_simples_2/ex6_1_2_jump_madnlp_2.log"
"jump_2/ex6_1_3_jump.jl","ex6_1_3_jump","LOCALLY_SOLVED","FEASIBLE_POINT","FEASIBLE_POINT","Optimal Solution Found (tol = 1.0e-07).","-0.3243487944429397","4.376961946487427","8.025677919387817","13","10","28","367","-3.2434879444293968e-01","8.9185309518486149e-08","1.8241189059242657e-08","","9.0909090910712050e-09","8.9185309518486149e-08","","61","48","","logs_madnlp_simples_2/ex6_1_3_jump_madnlp_2.log"
"jump_2/ex6_1_4_jump.jl","ex6_1_4_jump","LOCALLY_SOLVED","FEASIBLE_POINT","FEASIBLE_POINT","Optimal Solution Found (tol = 1.0e-07).","-0.294541287775792","4.342077016830444","7.990714073181152","7","5","14","17","-2.9454128777579203e-01","3.8166604479725891e-12","3.8857805861880479e-16","","9.0909094360659774e-09","9.0909094360659774e-09","","31","21","","logs_madnlp_simples_2/ex6_1_4_jump_madnlp_2.log"
"jump_2/gtm_jump.jl","gtm_jump","LOCALLY_SOLVED","FEASIBLE_POINT","FEASIBLE_POINT","Optimal Solution Found (tol = 1.0e-07).","543.5650925085167","9.408596992492676","15.865642070770264","64","25","124","23","5.4356509250851673e+02","4.9430965109282596e-10","5.6477295354160198e-13","","9.1110455106694480e-09","9.1110455106694480e-09","","162","20","","logs_madnlp_simples_2/gtm_jump_madnlp_2.log"
"jump_2/harker_jump.jl","harker_jump","LOCALLY_SOLVED","FEASIBLE_POINT","FEASIBLE_POINT","Optimal Solution Found (tol = 1.0e-07).","-986.5134842538886","8.900405168533325","15.372560024261475","21","8","28","12","-9.8651348425388858e+02","4.8729145780957630e-08","4.9116124500869773e-09","","2.1204712448622727e-08","4.8729145780957630e-08","","61","20","","logs_madnlp_simples_2/harker_jump_madnlp_2.log"
"jump_2/haverly_jump.jl","haverly_jump","LOCALLY_SOLVED","FEASIBLE_POINT","FEASIBLE_POINT","Optimal Solution Found (tol = 1.0e-07).","-400.00000408693256","4.346915006637573","9.091755867004395","13","10","24","20","-4.0000000408693256e+02","3.4433275981322973e-10","9.0949470177292824e-13","","1.2217865939112100e-08","1.2217865939112100e-08","","37","4","","logs_madnlp_simples_2/haverly_jump_madnlp_2.log"
"jump_2/hhfair_jump.jl","hhfair_jump","LOCALLY_SOLVED","FEASIBLE_POINT","FEASIBLE_POINT","Optimal Solution Found (tol = 1.0e-07).","-87.1590375931741","9.371115922927856","15.92765998840332","30","26","40","18","-8.7159037593174105e+01","1.8878414339841370e-11","6.7173466788972291e-10","","3.1026481394299264e-08","3.1026481394299264e-08","","84","30","","logs_madnlp_simples_2/hhfair_jump_madnlp_2.log"
"jump_2/himmel16_jump.jl","himmel16_jump","LOCALLY_SOLVED","FEASIBLE_POINT","FEASIBLE_POINT","Optimal Solution Found (tol = 1.0e-07).","-0.6749813952402127","4.7856199741363525","9.473528861999512","19","22","25","23","-6.7498139524021272e-01","6.3861800268960154e-10","4.8288403275975611e-09","","9.1431695728701227e-09","9.1431695728701227e-09","","157","102","","logs_madnlp_simples_2/himmel16_jump_madnlp_2.log"
"jump_2/house_jump.jl","house_jump","LOCALLY_SOLVED","FEASIBLE_POINT","FEASIBLE_POINT","Optimal Solution Found (tol = 1.0e-07).","-4500.000045304958","4.322684049606323","9.191035032272339","9","9","14","27","-4.5000000453049579e+03","9.0816243414337805e-14","9.7770680440589786e-12","","9.0911435996521817e-09","9.0911435996521817e-09","","27","5","","logs_madnlp_simples_2/house_jump_madnlp_2.log"
"jump_2/immum_jump.jl","immum_jump","LOCALLY_SOLVED","FEASIBLE_POINT","FEASIBLE_POINT","Optimal Solution Found (tol = 1.0e-07).","2.9193821942092535e-7","4.5879669189453125","9.15065598487854","22","8","29","35","2.9193821942092535e-07","2.5209708638717231e-12","7.2759576141834259e-12","","1.5568331377212796e-08","1.5568331377212796e-08","","69","6","","logs_madnlp_simples_2/immum_jump_madnlp_2.log"
"jump_2/Ints100_jump.jl","Ints100_jump","LOCALLY_SOLVED","FEASIBLE_POINT","FEASIBLE_POINT","Optimal Solution Found (tol = 1.0e-07).","0.5545954011669343","9.651680946350098","16.33073115348816","507","401","611","69","5.5459540116693429e-01","4.1968355488489260e-13","1.0325074129013956e-13","","9.0909114212248937e-09","9.0909114212248937e-09","","2202","1400","","logs_madnlp_simples_2/Ints100_jump_madnlp_2.log"
"jump_2/Ints50_jump.jl","Ints50_jump","LOCALLY_SOLVED","FEASIBLE_POINT","FEASIBLE_POINT","Optimal Solution Found (tol = 1.0e-07).","0.5546687645240874","9.154074907302856","15.83882999420166","257","201","311","16","5.5466876452408742e-01","3.7372205438846633e-08","1.2834027618424670e-08","","9.7876680104481148e-09","3.7372205438846633e-08","","1102","700","","logs_madnlp_simples_2/Ints50_jump_madnlp_2.log"
"jump_2/launch_jump.jl","launch_jump","LOCALLY_SOLVED","FEASIBLE_POINT","FEASIBLE_POINT","Optimal Solution Found (tol = 1.0e-07).","2257.7973302345704","8.667562007904053","15.267309188842773","39","29","78","35","2.2577973302345704e+03","1.3507509049102760e-12","1.5480760881241331e-11","","2.2280312885269605e-09","2.2280312885269605e-09","","111","85","","logs_madnlp_simples_2/launch_jump_madnlp_2.log"
"jump_2/least_jump.jl","least_jump","LOCALLY_INFEASIBLE","INFEASIBLE_POINT","INFEASIBLE_POINT","Converged to a point of local infeasibility. Problem may be infeasible.","24674.82136013916","9.032483100891113","15.380338191986084","4","1","3","2359","2.4674821360139162e+04","1.0000000000000000e+00","4.0812392138559828e-08","","9.0909090909090908e-09","1.0000000000000000e+00","","4","6","","logs_madnlp_simples_2/least_jump_madnlp_2.log"
"jump_2/linear_jump.jl","linear_jump","ITERATION_LIMIT","UNKNOWN_RESULT_STATUS","UNKNOWN_RESULT_STATUS","Maximum Number of Iterations Exceeded.","-2.662668106394834e6","9.058518171310425","15.416504144668579","25","21","61","3000","-2.6626681063948339e+06","1.7888609606755588e+00","2.6632040166294375e+06","","4.9634643260394682e+01","2.6632040166294375e+06","","121","20","","logs_madnlp_simples_2/linear_jump_madnlp_2.log"
"jump_2/meanvar_jump.jl","meanvar_jump","LOCALLY_SOLVED","FEASIBLE_POINT","FEASIBLE_POINT","Optimal Solution Found (tol = 1.0e-07).","5.243399034559446","4.856684923171997","9.375112056732178","9","3","18","9","5.2433990345594461e+00","5.3290705182007514e-15","3.1044256054713060e-10","","9.4312186057479263e-09","9.4312186057479263e-09","","65","28","","logs_madnlp_simples_2/meanvar_jump_madnlp_2.log"
"jump_2/mhw4d_jump.jl","mhw4d_jump","LOCALLY_SOLVED","FEASIBLE_POINT","FEASIBLE_POINT","Optimal Solution Found (tol = 1.0e-07).","0.029310830705989048","8.958079099655151","15.427511930465698","6","4","4","15","2.9310830705989048e-02","1.1926443166387912e-10","1.4097596546926007e-11","","0.0000000000000000e+00","1.1926443166387912e-10","","14","13","","logs_madnlp_simples_2/mhw4d_jump_madnlp_2.log"
"jump_2/minlphi_jump.jl","minlphi_jump","LOCALLY_SOLVED","FEASIBLE_POINT","FEASIBLE_POINT","Optimal Solution Found (tol = 1.0e-07).","582.2361390673854","8.95797610282898","15.52765703201294","65","80","150","35","5.8223613906738535e+02","9.4146912488213275e-14","1.7053025658242404e-13","","1.0373214872083328e-08","1.0373214872083328e-08","","207","64","","logs_madnlp_simples_2/minlphi_jump_madnlp_2.log"
"jump_2/nemhaus_jump.jl","nemhaus_jump","LOCALLY_SOLVED","FEASIBLE_POINT","FEASIBLE_POINT","Optimal Solution Found (tol = 1.0e-07).","31.0","4.393918991088867","8.965490102767944","6","6","11","4","3.1000000000000000e+01","9.0235571835808881e-14","0.0000000000000000e+00","","9.0909090909154419e-09","9.0909090909154419e-09","","24","9","","logs_madnlp_simples_2/nemhaus_jump_madnlp_2.log"
"jump_2/otpop_jump.jl","otpop_jump","LOCALLY_SOLVED","FEASIBLE_POINT","FEASIBLE_POINT","Optimal Solution Found (tol = 1.0e-07).","-2.1699298247631336e-12","9.344395875930786","15.896812915802002","104","77","136","26","-2.1699298247631336e-12","9.5160990259660654e-14","1.3642420526593924e-12","","9.0931328783166482e-09","9.0931328783166482e-09","","301","84","","logs_madnlp_simples_2/otpop_jump_madnlp_2.log"
"jump_2/pindyck_jump.jl","pindyck_jump","LOCALLY_SOLVED","FEASIBLE_POINT","FEASIBLE_POINT","Optimal Solution Found (tol = 1.0e-07).","-1170.4862854360883","9.337806940078735","15.82895278930664","117","97","197","26","-1.1704862854360883e+03","1.0129258931622058e-13","2.2737367544323206e-13","","9.0909456642488811e-09","9.0909456642488811e-09","","337","128","","logs_madnlp_simples_2/pindyck_jump_madnlp_2.log"
"jump_2/pollut_jump.jl","pollut_jump","LOCALLY_SOLVED","FEASIBLE_POINT","FEASIBLE_POINT","Optimal Solution Found (tol = 1.0e-07).","-5.3532686859695995e6","8.894450902938843","15.39613389968872","43","9","89","22","-5.3532686859695995e+06","4.4408920985006262e-15","9.3132257461547852e-10","","9.1248817097991730e-09","9.1248817097991730e-09","","167","60","","logs_madnlp_simples_2/pollut_jump_madnlp_2.log"
"jump_2/polygon25_jump.jl","polygon25_jump","LOCALLY_SOLVED","FEASIBLE_POINT","FEASIBLE_POINT","Optimal Solution Found (tol = 1.0e-07).","-0.7753045760055829","9.429610967636108","16.176305055618286","51","325","423","38","-7.7530457600558289e-01","2.4935701557445015e-14","1.3966605649784469e-13","","9.0909090947967503e-09","9.0909090947967503e-09","","1299","3171","","logs_madnlp_simples_2/polygon25_jump_madnlp_2.log"
"jump_2/polygon50_jump.jl","polygon50_jump","LOCALLY_SOLVED","FEASIBLE_POINT","FEASIBLE_POINT","Optimal Solution Found (tol = 1.0e-07).","-0.7456188274965596","9.5333571434021","16.30257797241211","101","1275","1473","41","-7.4561882749655961e-01","9.7436421311946033e-09","2.2137187416504389e-08","","9.0909137804149910e-09","2.2137187416504389e-08","","5099","12596","","logs_madnlp_simples_2/polygon50_jump_madnlp_2.log"
"jump_2/prolog_jump_2.jl","prolog_jump_2","ITERATION_LIMIT","UNKNOWN_RESULT_STATUS","UNKNOWN_RESULT_STATUS","Maximum Number of Iterations Exceeded.","-2.9668338590851995e23","8.850332021713257","14.607614040374756","1","0","0","3000","-2.9668338590851995e+23","1.0000000000000000e+00","0.0000000000000000e+00","","0.0000000000000000e+00","1.0000000000000000e+00","","0","0","","logs_madnlp_simples_2/prolog_jump_2_madnlp_2.log"
"jump_2/qp3_jump.jl","qp3_jump","LOCALLY_SOLVED","FEASIBLE_POINT","FEASIBLE_POINT","Optimal Solution Found (tol = 1.0e-07).","0.0008096709452635976","8.933452129364014","14.81353211402893","101","53","103","12","8.0967094526359761e-04","9.3147711766050634e-14","7.4222165432724467e-08","","5.3356339557230210e-08","7.4222165432724467e-08","","2748","150","","logs_madnlp_simples_2/qp3_jump_madnlp_2.log"
"jump_2/qp4_jump.jl","qp4_jump","LOCALLY_SOLVED","FEASIBLE_POINT","FEASIBLE_POINT","Optimal Solution Found (tol = 1.0e-07).","0.0008096414500639798","8.73345398902893","14.653522968292236","80","32","82","13","8.0964145006397984e-04","9.0923796269848367e-14","5.7331136021519444e-08","","4.4679863219668657e-08","5.7331136021519444e-08","","1581","29","","logs_madnlp_simples_2/qp4_jump_madnlp_2.log"
"jump_2/qp5_jump.jl","qp5_jump","LOCALLY_SOLVED","FEASIBLE_POINT","FEASIBLE_POINT","Optimal Solution Found (tol = 1.0e-07).","0.4314547606530702","8.746058940887451","14.657085180282593","109","32","140","19","4.3145476065307020e-01","9.3924867883288243e-14","4.5407531973714266e-14","","9.2881373307324954e-09","9.2881373307324954e-09","","1639","0","","logs_madnlp_simples_2/qp5_jump_madnlp_2.log"
"jump_2/ramsey_jump.jl","ramsey_jump","LOCALLY_SOLVED","FEASIBLE_POINT","FEASIBLE_POINT","Optimal Solution Found (tol = 1.0e-07).","-2.4874686464986975","9.382560968399048","15.379650115966797","34","23","66","14","-2.4874686464986975e+00","3.6350245650355517e-08","2.1979020825568796e-08","","5.7397750368830116e-08","5.7397750368830116e-08","","77","22","","logs_madnlp_simples_2/ramsey_jump_madnlp_2.log"
"jump_2/rbrock_jump.jl","rbrock_jump","LOCALLY_SOLVED","FEASIBLE_POINT","FEASIBLE_POINT","Optimal Solution Found (tol = 1.0e-07).","-3.3535541129687436e-14","8.963613033294678","14.89043402671814","3","1","5","23","-3.3535541129687436e-14","1.3411399698896010e-11","1.5554899608915052e-14","","9.0909931348905672e-09","9.0909931348905672e-09","","3","3","","logs_madnlp_simples_2/rbrock_jump_madnlp_2.log"
"jump_2/srcpm_jump.jl","srcpm_jump","LOCALLY_SOLVED","FEASIBLE_POINT","FEASIBLE_POINT","Optimal Solution Found (tol = 1.0e-07).","2109.781826001058","4.527329921722412","8.189105033874512","40","28","75","23","2.1097818260010581e+03","9.1604033061328380e-11","6.0572347138077021e-10","","1.0104852446351573e-08","1.0104852446351573e-08","","163","5","","logs_madnlp_simples_2/srcpm_jump_madnlp_2.log"
"jump_2/turkey_jump.jl","turkey_jump","LOCALLY_SOLVED","FEASIBLE_POINT","FEASIBLE_POINT","Optimal Solution Found (tol = 1.0e-07).","-29330.158064614967","4.495349884033203","7.914695978164673","519","288","763","134","-2.9330158064614967e+04","9.9475983006414026e-14","1.4915713109076023e-10","","1.3555544214817582e-08","1.3555544214817582e-08","","4646","55","","logs_madnlp_simples_2/turkey_jump_madnlp_2.log"
"jump_2/wall_jump.jl","wall_jump","LOCALLY_SOLVED","FEASIBLE_POINT","FEASIBLE_POINT","Optimal Solution Found (tol = 1.0e-07).","1.0000046575934247","4.574766159057617","8.001465082168579","6","6","6","2","1.0000046575934247e+00","2.0933572258442779e-17","1.8619150665699635e-10","","0.0000000000000000e+00","1.8619150665699635e-10","","20","18","","logs_madnlp_simples_2/wall_jump_madnlp_2.log"
"jump_2/water_jump.jl","water_jump","LOCALLY_SOLVED","FEASIBLE_POINT","FEASIBLE_POINT","Optimal Solution Found (tol = 1.0e-07).","1031.1758255991285","4.5481109619140625","8.04924488067627","42","26","66","66","1.0311758255991285e+03","5.2750692702829838e-11","9.0594198809412774e-13","","9.0913586068559396e-09","9.0913586068559396e-09","","113","62","","logs_madnlp_simples_2/water_jump_madnlp_2.log"
