"arquivo","modelo","solver","status_execucao","status","status_primal","status_dual","raw_status","objetivo","tempo_solver_s","tempo_total_s","variaveis","restricoes_sem_bounds","restricoes_com_bounds","max_iter","tol","timeout_s","deu_timeout","erro_include","erro_solver","madnlp_iterations","madnlp_objective_final_log","madnlp_dual_infeasibility","madnlp_constraint_violation","madnlp_variable_bound_violation","madnlp_complementarity","madnlp_overall_nlp_error","madnlp_total_seconds","madnlp_jacobian_nnz","madnlp_hessian_nnz","log_madnlp"
"jump/bearing_400_jump.jl","bearing_400_jump","MadNLP","ERRO_INCLUDE","","","","","NaN","NaN","NaN","","","","3000","1.0e-7","600.0","false","","","","","","","","","","","","","logs_madnlp_simples/bearing_400_jump_madnlp.log"
"jump/bearing_400_jump.jl","bearing_400_jump","MadNLP","OK","LOCALLY_SOLVED","FEASIBLE_POINT","FEASIBLE_POINT","Optimal Solution Found (tol = 1.0e-07).","-0.1542930586963082","9.539692163467407","13.910491228103638","161604","1608","163212","3000","1.0e-7","600.0","false","","","17","-1.5429305869630819e-01","1.1687316384797079e-12","9.9992193872371867e-09","","1.4614974286704019e-08","1.4614974286704019e-08","","1608","484008","logs_madnlp_simples/bearing_400_jump_madnlp.log"
"jump/bearing_400_jump.jl","bearing_400_jump","MadNLP","OK","LOCALLY_SOLVED","FEASIBLE_POINT","FEASIBLE_POINT","Optimal Solution Found (tol = 1.0e-07).","-0.1542930586963082","14.373791933059692","20.658691883087158","161604","1608","163212","3000","1.0e-7","600.0","false","","","17","-1.5429305869630819e-01","1.1687316384797079e-12","9.9992193872371867e-09","","1.4614974286704019e-08","1.4614974286704019e-08","","1608","484008","logs_madnlp_simples/bearing_400_jump_madnlp.log"
"jump/arki0003_jump.jl","arki0003_jump","MadNLP","OK","ITERATION_LIMIT","UNKNOWN_RESULT_STATUS","UNKNOWN_RESULT_STATUS","Maximum Number of Iterations Exceeded.","-2.1526794774441823e7","186.74950885772705","195.8075668811798","2283","2583","5075","3000","1.0e-7","600.0","false","","","3000","2.1526794774441823e+07","8.4856814620841817e+02","8.2202189850527019e-02","","5.3070772678817457e-01","8.4856814620841817e+02","","12634","7020","logs_madnlp_simples/arki0003_jump_madnlp.log"
"jump/arki0009_jump.jl","arki0009_jump","MadNLP","OK","OPTIMIZE_NOT_CALLED","NO_SOLUTION","NO_SOLUTION","optimize not called","NaN","1777.346256017685","1777.346256017685","7715","6707","15361","3000","1.0e-7","600.0","false","","","","","","","","","","","29369","793","logs_madnlp_simples/arki0009_jump_madnlp.log"
"jump/camshape_6400_jump.jl","camshape_6400_jump","MadNLP","OK","LOCALLY_SOLVED","FEASIBLE_POINT","FEASIBLE_POINT","Optimal Solution Found (tol = 1.0e-07).","4.448335347590888","17.302216053009033","26.600366830825806","6400","19204","32004","3000","1.0e-7","600.0","false","","","54","-4.4483353475908878e+00","1.0369339182528057e-09","2.9613242744476811e-10","","2.4568784825197735e-09","2.4568784825197735e-09","","44800","38395","logs_madnlp_simples/camshape_6400_jump_madnlp.log"
"jump/clnlbeam_jump.jl","clnlbeam_jump","MadNLP","OK","LOCALLY_SOLVED","FEASIBLE_POINT","FEASIBLE_POINT","Optimal Solution Found (tol = 1.0e-07).","344.8761314919586","225.12193393707275","234.81567788124084","60003","40000","120000","3000","1.0e-7","600.0","false","","","2053","3.4487613149195857e+02","5.4726001508242916e-10","4.4222145392048889e-13","","5.5470322376575929e-08","5.5470322376575929e-08","","160000","80002","logs_madnlp_simples/clnlbeam_jump_madnlp.log"
"jump/cont5_1_l_jump.jl","cont5_1_l_jump","MadNLP","OK","LOCALLY_SOLVED","FEASIBLE_POINT","FEASIBLE_POINT","Optimal Solution Found (tol = 1.0e-07).","2.7209764489955286","34.46730589866638","44.6277961730957","90901","90601","272403","3000","1.0e-7","600.0","false","","","14","2.7209764489955286e+00","1.0605888057981655e-09","1.3072791112984316e-08","","2.0610023779000410e-08","2.0610023779000410e-08","","540601","901","logs_madnlp_simples/cont5_1_l_jump_madnlp.log"
"jump/cont5_2_1_l_jump.jl","cont5_2_1_l_jump","MadNLP","OK","LOCALLY_SOLVED","FEASIBLE_POINT","FEASIBLE_POINT","Optimal Solution Found (tol = 1.0e-07).","0.0006831899729142659","56.06413698196411","66.39542889595032","90901","90601","272403","3000","1.0e-7","300.0","false","","","33","6.8318997291426592e-04","2.1119301287685594e-10","7.8457871833667258e-11","","1.7144642757650263e-08","1.7144642757650263e-08","","540601","601","logs_madnlp_simples/cont5_2_1_l_jump_madnlp.log"
"jump/cont5_2_2_l_jump.jl","cont5_2_2_l_jump","MadNLP","OK","LOCALLY_SOLVED","FEASIBLE_POINT","FEASIBLE_POINT","Optimal Solution Found (tol = 1.0e-07).","0.0005363551230386681","74.74198794364929","84.99592399597168","90901","90601","272403","3000","1.0e-7","300.0","false","","","41","5.3635512303866809e-04","2.5417978084077439e-12","4.5995746581854270e-08","","9.1864384576620949e-09","4.5995746581854270e-08","","540601","901","logs_madnlp_simples/cont5_2_2_l_jump_madnlp.log"
"jump/cont5_2_3_l_jump.jl","cont5_2_3_l_jump","MadNLP","OK","LOCALLY_SOLVED","FEASIBLE_POINT","FEASIBLE_POINT","Optimal Solution Found (tol = 1.0e-07).","0.0005484232905106716","84.79104495048523","95.02086114883423","90901","90601","272403","3000","1.0e-7","300.0","false","","","48","5.4842329051067165e-04","2.8374528581989187e-12","1.6034252185252264e-08","","9.2744860919819384e-09","1.6034252185252264e-08","","540601","901","logs_madnlp_simples/cont5_2_3_l_jump_madnlp.log"
"jump/cont5_2_4_l_jump.jl","cont5_2_4_l_jump","MadNLP","OK","LOCALLY_SOLVED","FEASIBLE_POINT","FEASIBLE_POINT","Optimal Solution Found (tol = 1.0e-07).","0.06637194404098315","64.3064661026001","75.8483898639679","90901","90601","91201","3000","1.0e-7","300.0","false","","","9","6.6371944040983150e-02","1.8729895628996978e-08","9.9293146694166080e-08","","9.0982278793379048e-09","9.9293146694166080e-08","","540601","1256701","logs_madnlp_simples/cont5_2_4_l_jump_madnlp.log"
"jump/corkscrw_jump.jl","corkscrw_jump","MadNLP","OK","LOCALLY_SOLVED","FEASIBLE_POINT","FEASIBLE_POINT","Optimal Solution Found (tol = 1.0e-07).","98.09600217823568","38.91896295547485","48.38902497291565","45006","35000","75009","3000","1.0e-7","300.0","false","","","287","9.8096002178235679e+01","1.2745374143892216e-12","4.6678262779348278e-08","","1.0233434460366036e-08","4.6678262779348278e-08","","105000","30000","logs_madnlp_simples/corkscrw_jump_madnlp.log"
"jump/dirichlet_jump.jl","dirichlet_jump","MadNLP","ERRO_INCLUDE","","","","","NaN","NaN","NaN","","","","3000","1.0e-7","300.0","false","SystemError: opening file ""/home/rezendegdm/Documentos/otmization/jump/dirichlet_jump.jl"": Arquivo ou diretório inexistente | Stacktrace: |  [1] include(mapexpr::Function, mod::Module, _path::String) |    @ Base ./Base.jl:307 |  [2] top-level scope |    @ ~/Documentos/otmization/rodar_um_madnlp.jl:271 |  [3] include(mod::Module, _path::String) |    @ Base ./Base.jl:306 |  [4] exec_options(opts::Base.JLOptions) |    @ Base ./client.jl:317 |  [5] _start() |    @ Base ./client.jl:550","","","","","","","","","","","","logs_madnlp_simples/dirichlet_jump_madnlp.log"
"jump/dirichlet20_jump.jl","dirichlet20_jump","MadNLP","ERRO_INCLUDE","","","","","NaN","NaN","NaN","","","","3000","1.0e-7","300.0","false","SystemError: opening file ""/home/rezendegdm/Documentos/otmization/jump/dirichlet20_jump.jl"": Arquivo ou diretório inexistente | Stacktrace: |  [1] include(mapexpr::Function, mod::Module, _path::String) |    @ Base ./Base.jl:307 |  [2] top-level scope |    @ ~/Documentos/otmization/rodar_um_madnlp.jl:271 |  [3] include(mod::Module, _path::String) |    @ Base ./Base.jl:306 |  [4] exec_options(opts::Base.JLOptions) |    @ Base ./client.jl:317 |  [5] _start() |    @ Base ./client.jl:550","","","","","","","","","","","","logs_madnlp_simples/dirichlet20_jump_madnlp.log"
"jump/dirichlet20_jump.jl","dirichlet20_jump","MadNLP","ERRO_INCLUDE","","","","","NaN","NaN","NaN","","","","3000","1.0e-7","300.0","false","SystemError: opening file ""/home/rezendegdm/Documentos/otmization/jump/dirichlet20_jump.jl"": Arquivo ou diretório inexistente | Stacktrace: |  [1] include(mapexpr::Function, mod::Module, _path::String) |    @ Base ./Base.jl:307 |  [2] top-level scope |    @ ~/Documentos/otmization/rodar_um_madnlp.jl:271 |  [3] include(mod::Module, _path::String) |    @ Base ./Base.jl:306 |  [4] exec_options(opts::Base.JLOptions) |    @ Base ./client.jl:317 |  [5] _start() |    @ Base ./client.jl:550","","","","","","","","","","","","logs_madnlp_simples/dirichlet20_jump_madnlp.log"
"jump/dirichlet120_jump.jl","dirichlet120_jump","MadNLP","ERRO_INCLUDE","","","","","NaN","NaN","NaN","","","","3000","1.0e-7","300.0","false","LoadError: Arquivo dirichlet120.mod não encontrado. | Stacktrace: |  [1] error(s::String) |    @ Base ./error.jl:44 |  [2] top-level scope |    @ ~/Documentos/otmization/jump/dirichlet120_jump.jl:180 |  [3] include(mapexpr::Function, mod::Module, _path::String) |    @ Base ./Base.jl:307 |  [4] top-level scope |    @ ~/Documentos/otmization/rodar_um_madnlp.jl:271 |  [5] include(mod::Module, _path::String) |    @ Base ./Base.jl:306 |  [6] exec_options(opts::Base.JLOptions) |    @ Base ./client.jl:317 |  [7] _start() |    @ Base ./client.jl:550 | in expression starting at /home/rezendegdm/Documentos/otmization/jump/dirichlet120_jump.jl:179","","","","","","","","","","","","logs_madnlp_simples/dirichlet120_jump_madnlp.log"
"jump/dtoc1nd_jump.jl","dtoc1nd_jump","MadNLP","OK","LOCALLY_SOLVED","FEASIBLE_POINT","FEASIBLE_POINT","Optimal Solution Found (tol = 1.0e-07).","136.45580216202552","22.34461283683777","33.905866861343384","5985","3725","3750","3000","1.0e-7","300.0","false","","","8","1.3645580216202552e+02","5.6911725332398078e-09","7.1829733827577513e-10","","0.0000000000000000e+00","5.6911725332398078e-09","","152725","1551860","logs_madnlp_simples/dtoc1nd_jump_madnlp.log"
"jump/dtoc2_jump.jl","dtoc2_jump","MadNLP","OK","OPTIMIZE_NOT_CALLED","NO_SOLUTION","NO_SOLUTION","optimize not called","NaN","849.7248539924622","849.7248539924622","64980","38970","39000","3000","1.0e-7","300.0","false","","","","","","","","","","","857340","1909560","logs_madnlp_simples/dtoc2_jump_madnlp.log"
"jump/elec_400_jump.jl","elec_400_jump","MadNLP","OK","OPTIMIZE_NOT_CALLED","NO_SOLUTION","NO_SOLUTION","optimize not called","NaN","312.6739799976349","312.6739799976349","1200","400","400","3000","1.0e-7","300.0","false","","","","","","","","","","","1200","721800","logs_madnlp_simples/elec_400_jump_madnlp.log"
"jump/nql180_jump.jl","nql180_jump","MadNLP","ERRO_INCLUDE","","","","","NaN","NaN","NaN","","","","3000","1.0e-7","300.0","false","LoadError: Arquivo .mod não encontrado: nql180.mod | Stacktrace: |  [1] error(s::String) |    @ Base ./error.jl:44 |  [2] build_nql180_model(mod_path::String) |    @ Main ~/Documentos/otmization/jump/nql180_jump.jl:43 |  [3] top-level scope |    @ ~/Documentos/otmization/jump/nql180_jump.jl:284 |  [4] include(mapexpr::Function, mod::Module, _path::String) |    @ Base ./Base.jl:307 |  [5] top-level scope |    @ ~/Documentos/otmization/rodar_um_madnlp.jl:271 |  [6] include(mod::Module, _path::String) |    @ Base ./Base.jl:306 |  [7] exec_options(opts::Base.JLOptions) |    @ Base ./client.jl:317 |  [8] _start() |    @ Base ./client.jl:550 | in expression starting at /home/rezendegdm/Documentos/otmization/jump/nql180_jump.jl:284","","","","","","","","","","","","logs_madnlp_simples/nql180_jump_madnlp.log"
"jump/gasoil_3200_jump.jl","gasoil_3200_jump","MadNLP","OK","LOCALLY_SOLVED","FEASIBLE_POINT","FEASIBLE_POINT","Optimal Solution Found (tol = 1.0e-07).","0.005236595833915959","707.0445599555969","714.5219309329987","32003","32000","32003","3000","1.0e-7","300.0","false","","","796","5.2365958339159590e-03","1.1369939793788707e-13","2.1465051958102777e-12","","9.0914378365020303e-09","9.0914378365020303e-09","","281590","755830","logs_madnlp_simples/gasoil_3200_jump_madnlp.log"
"jump/henon120_jump.jl","henon120_jump","MadNLP","ERRO_INCLUDE","","","","","NaN","NaN","NaN","","","","3000","1.0e-7","300.0","false","LoadError: Arquivo henon120.mod não encontrado. | Stacktrace: |  [1] error(s::String) |    @ Base ./error.jl:44 |  [2] top-level scope |    @ ~/Documentos/otmization/jump/henon120_jump.jl:180 |  [3] include(mapexpr::Function, mod::Module, _path::String) |    @ Base ./Base.jl:307 |  [4] top-level scope |    @ ~/Documentos/otmization/rodar_um_madnlp.jl:271 |  [5] include(mod::Module, _path::String) |    @ Base ./Base.jl:306 |  [6] exec_options(opts::Base.JLOptions) |    @ Base ./client.jl:317 |  [7] _start() |    @ Base ./client.jl:550 | in expression starting at /home/rezendegdm/Documentos/otmization/jump/henon120_jump.jl:179","","","","","","","","","","","","logs_madnlp_simples/henon120_jump_madnlp.log"
"jump/lane_emden120_jump.jl","lane_emden120_jump","MadNLP","ERRO_INCLUDE","","","","","NaN","NaN","NaN","","","","3000","1.0e-7","300.0","false","LoadError: ParseError: | # Error @ /home/rezendegdm/Documentos/otmization/jump/lane_emden120_jump.jl:26:28 | a = 1 | EBAR = max{b1 in 0..BREAK+1 : energy[b1] < 0.0} energy[b1] | #                          └ ── Expected `}` or `,` | Stacktrace: |  [1] top-level scope |    @ ~/Documentos/otmization/jump/lane_emden120_jump.jl:26 |  [2] include(mapexpr::Function, mod::Module, _path::String) |    @ Base ./Base.jl:307 |  [3] top-level scope |    @ ~/Documentos/otmization/rodar_um_madnlp.jl:271 |  [4] include(mod::Module, _path::String) |    @ Base ./Base.jl:306 |  [5] exec_options(opts::Base.JLOptions) |    @ Base ./client.jl:317 |  [6] _start() |    @ Base ./client.jl:550 | in expression starting at /home/rezendegdm/Documentos/otmization/jump/lane_emden120_jump.jl:26","","","","","","","","","","","","logs_madnlp_simples/lane_emden120_jump_madnlp.log"
"jump/marine_1600_jump.jl","marine_1600_jump","MadNLP","ERRO_INCLUDE","","","","","NaN","NaN","NaN","","","","3000","1.0e-7","300.0","false","LoadError: UndefVarError: `tau` not defined in `Main` | Suggestion: check for spelling errors or missing imports. | Stacktrace: |  [1] top-level scope |    @ ~/Documentos/otmization/jump/marine_1600_jump.jl:39 |  [2] include(mapexpr::Function, mod::Module, _path::String) |    @ Base ./Base.jl:307 |  [3] top-level scope |    @ ~/Documentos/otmization/rodar_um_madnlp.jl:271 |  [4] include(mod::Module, _path::String) |    @ Base ./Base.jl:306 |  [5] exec_options(opts::Base.JLOptions) |    @ Base ./client.jl:317 |  [6] _start() |    @ Base ./client.jl:550 | in expression starting at /home/rezendegdm/Documentos/otmization/jump/marine_1600_jump.jl:39","","","","","","","","","","","","logs_madnlp_simples/marine_1600_jump_madnlp.log"
"jump/nlq180_jump.jl","nlq180_jump","MadNLP","ERRO_INCLUDE","","","","","NaN","NaN","NaN","","","","3000","1.0e-7","300.0","false","SystemError: opening file ""/home/rezendegdm/Documentos/otmization/jump/nlq180_jump.jl"": Arquivo ou diretório inexistente | Stacktrace: |  [1] include(mapexpr::Function, mod::Module, _path::String) |    @ Base ./Base.jl:307 |  [2] top-level scope |    @ ~/Documentos/otmization/rodar_um_madnlp.jl:271 |  [3] include(mod::Module, _path::String) |    @ Base ./Base.jl:306 |  [4] exec_options(opts::Base.JLOptions) |    @ Base ./client.jl:317 |  [5] _start() |    @ Base ./client.jl:550","","","","","","","","","","","","logs_madnlp_simples/nlq180_jump_madnlp.log"
"jump/optmass_jump.jl","optmass_jump","MadNLP","OK","LOCALLY_SOLVED","FEASIBLE_POINT","FEASIBLE_POINT","Optimal Solution Found (tol = 1.0e-07).","-0.12033869592807017","12.948752164840698","19.125922918319702","60010","50005","50009","3000","1.0e-7","300.0","false","","","38","-1.2033869592807017e-01","1.1102230246251565e-16","4.1599723665797228e-11","","9.0909090911046611e-09","9.0909090911046611e-09","","160016","20006","logs_madnlp_simples/optmass_jump_madnlp.log"
"jump/qcqp500-3c_jump.jl","qcqp500-3c_jump","MadNLP","ERRO_INCLUDE","","","","","NaN","NaN","NaN","","","","3000","1.0e-7","300.0","false","LoadError: ParseError: | # Error @ /home/rezendegdm/Documentos/otmization/jump/qcqp500-3c_jump.jl:26:93 | # Parâmetros indexados | LQ = JuMP.Containers.DenseAxisArray([((i === j) ? (Uniform01()) : (if Uniform01() < sq then Uniform(-10,10))) for i in 1:(n), j in 1:(i)], 1:(n), 1:(i)) | #                                                                                           └ ── Expected `end` | Stacktrace: |  [1] top-level scope |    @ ~/Documentos/otmization/jump/qcqp500-3c_jump.jl:26 |  [2] include(mapexpr::Function, mod::Module, _path::String) |    @ Base ./Base.jl:307 |  [3] top-level scope |    @ ~/Documentos/otmization/rodar_um_madnlp.jl:271 |  [4] include(mod::Module, _path::String) |    @ Base ./Base.jl:306 |  [5] exec_options(opts::Base.JLOptions) |    @ Base ./client.jl:317 |  [6] _start() |    @ Base ./client.jl:550 | in expression starting at /home/rezendegdm/Documentos/otmization/jump/qcqp500-3c_jump.jl:26","","","","","","","","","","","","logs_madnlp_simples/qcqp500-3c_jump_madnlp.log"
"jump/qcqp500-3nc_jump.jl","qcqp500-3nc_jump","MadNLP","ERRO_INCLUDE","","","","","NaN","NaN","NaN","","","","3000","1.0e-7","300.0","false","LoadError: ParseError: | # Error @ /home/rezendegdm/Documentos/otmization/jump/qcqp500-3nc_jump.jl:26:93 | # Parâmetros indexados | LQ = JuMP.Containers.DenseAxisArray([((i === j) ? (Uniform01()) : (if Uniform01() < sq then Uniform(-10,10))) for i in 1:(n), j in 1:(i)], 1:(n), 1:(i)) | #                                                                                           └ ── Expected `end` | Stacktrace: |  [1] top-level scope |    @ ~/Documentos/otmization/jump/qcqp500-3nc_jump.jl:26 |  [2] include(mapexpr::Function, mod::Module, _path::String) |    @ Base ./Base.jl:307 |  [3] top-level scope |    @ ~/Documentos/otmization/rodar_um_madnlp.jl:271 |  [4] include(mod::Module, _path::String) |    @ Base ./Base.jl:306 |  [5] exec_options(opts::Base.JLOptions) |    @ Base ./client.jl:317 |  [6] _start() |    @ Base ./client.jl:550 | in expression starting at /home/rezendegdm/Documentos/otmization/jump/qcqp500-3nc_jump.jl:26","","","","","","","","","","","","logs_madnlp_simples/qcqp500-3nc_jump_madnlp.log"
"jump/robot_1600_jump.jl","robot_1600_jump","MadNLP","OK","LOCALLY_SOLVED","FEASIBLE_POINT","FEASIBLE_POINT","Optimal Solution Found (tol = 1.0e-07).","9.140962259697424","10.621999025344849","16.881603002548218","14411","9613","28827","3000","1.0e-7","300.0","false","","","34","9.1409622596974245e+00","1.7872216205490490e-08","1.0741962874760702e-12","","1.0620625678147391e-08","1.7872216205490490e-08","","57614","80000","logs_madnlp_simples/robot_1600_jump_madnlp.log"
"jump/robot_a_jump.jl","robot_a_jump","MadNLP","ERRO_INCLUDE","","","","","NaN","NaN","NaN","","","","3000","1.0e-7","300.0","false","LoadError: UndefVarError: `model` not defined in `Main` | Suggestion: check for spelling errors or missing imports. | Stacktrace: |  [1] include(mapexpr::Function, mod::Module, _path::String) |    @ Base ./Base.jl:307 |  [2] top-level scope |    @ ~/Documentos/otmization/rodar_um_madnlp.jl:271 |  [3] include(mod::Module, _path::String) |    @ Base ./Base.jl:306 |  [4] exec_options(opts::Base.JLOptions) |    @ Base ./client.jl:317 |  [5] _start() |    @ Base ./client.jl:550 | in expression starting at /home/rezendegdm/Documentos/otmization/jump/robot_a_jump.jl:409","","","","","","","","","","","","logs_madnlp_simples/robot_a_jump_madnlp.log"
"jump/robot_b_jump.jl","robot_b_jump","MadNLP","OK","LOCALLY_INFEASIBLE","INFEASIBLE_POINT","INFEASIBLE_POINT","Converged to a point of local infeasibility. Problem may be infeasible.","-7.790180312599858e-5","10.169790029525757","16.49165415763855","400","2100","2100","3000","1.0e-7","300.0","false","","","324","-7.7901803125998578e-05","3.7701085785230809e-03","4.1684866740471840e+00","","1.2784736206333006e-08","4.1684866740471840e+00","","4939","3600","logs_madnlp_simples/robot_b_jump_madnlp.log"
"jump/robot_a_jump.jl","robot_a_jump","MadNLP","ERRO_INCLUDE","","","","","NaN","NaN","NaN","","","","3000","1.0e-7","300.0","false","LoadError: UndefVarError: `model` not defined in `Main` | Suggestion: check for spelling errors or missing imports. | Stacktrace: |  [1] include(mapexpr::Function, mod::Module, _path::String) |    @ Base ./Base.jl:307 |  [2] top-level scope |    @ ~/Documentos/otmization/rodar_um_madnlp.jl:271 |  [3] include(mod::Module, _path::String) |    @ Base ./Base.jl:306 |  [4] exec_options(opts::Base.JLOptions) |    @ Base ./client.jl:317 |  [5] _start() |    @ Base ./client.jl:550 | in expression starting at /home/rezendegdm/Documentos/otmization/jump/robot_a_jump.jl:409","","","","","","","","","","","","logs_madnlp_simples/robot_a_jump_madnlp.log"
"jump/robot_a_jump.jl","robot_a_jump","MadNLP","ERRO_INCLUDE","","","","","NaN","NaN","NaN","","","","3000","1.0e-7","300.0","false","LoadError: UndefVarError: `model` not defined in `Main` | Suggestion: check for spelling errors or missing imports. | Stacktrace: |  [1] include(mapexpr::Function, mod::Module, _path::String) |    @ Base ./Base.jl:307 |  [2] top-level scope |    @ ~/Documentos/otmization/rodar_um_madnlp.jl:271 |  [3] include(mod::Module, _path::String) |    @ Base ./Base.jl:306 |  [4] exec_options(opts::Base.JLOptions) |    @ Base ./client.jl:317 |  [5] _start() |    @ Base ./client.jl:550 | in expression starting at /home/rezendegdm/Documentos/otmization/jump/robot_a_jump.jl:409","","","","","","","","","","","","logs_madnlp_simples/robot_a_jump_madnlp.log"
"jump/robot_c_jump.jl","robot_c_jump","MadNLP","OK","LOCALLY_INFEASIBLE","INFEASIBLE_POINT","INFEASIBLE_POINT","Converged to a point of local infeasibility. Problem may be infeasible.","-7.790180312599858e-5","10.028060913085938","16.06576180458069","400","2100","2100","3000","1.0e-7","300.0","false","","","324","-7.7901803125998578e-05","3.7701085785230809e-03","4.1684866740471840e+00","","1.2784736206333006e-08","4.1684866740471840e+00","","4939","3600","logs_madnlp_simples/robot_c_jump_madnlp.log"
"jump/rocket_12800_jump.jl","rocket_12800_jump","MadNLP","OK","LOCALLY_SOLVED","FEASIBLE_POINT","FEASIBLE_POINT","Optimal Solution Found (tol = 1.0e-07).","1.0126750064408754","15.11739206314087","22.12804102897644","51206","38405","115213","3000","1.0e-7","300.0","false","","","33","-1.0126750064408754e+00","2.4710919833796641e-11","2.2204460492503131e-16","","9.0909090947415807e-09","9.0909090947415807e-09","","243206","448000","logs_madnlp_simples/rocket_12800_jump_madnlp.log"
"jump/steering_12800_jump.jl","steering_12800_jump","MadNLP","OK","LOCALLY_SOLVED","FEASIBLE_POINT","FEASIBLE_POINT","Optimal Solution Found (tol = 1.0e-07).","0.5545708800079915","18.472644090652466","25.143537998199463","64007","51208","76812","3000","1.0e-7","300.0","false","","","18","5.5457088000799148e-01","1.1092238612212327e-08","1.4948057548702653e-11","","9.0912787957284489e-09","1.1092238612212327e-08","","256009","256000","logs_madnlp_simples/steering_12800_jump_madnlp.log"
"jump/svanberg_jump.jl","svanberg_jump","MadNLP","OK","LOCALLY_SOLVED","FEASIBLE_POINT","FEASIBLE_POINT","Optimal Solution Found (tol = 1.0e-07).","83623.82224777537","24.409841060638428","31.257408142089844","50000","50000","150000","3000","1.0e-7","300.0","false","","","33","8.3623822247775373e+04","8.1565731946398046e-10","6.0328787120002975e-09","","9.3980650599491109e-09","9.3980650599491109e-09","","450000","500000","logs_madnlp_simples/svanberg_jump_madnlp.log"
"jump/ex1_320_jump.jl","ex1_320_jump","MadNLP","OK","OPTIMIZE_NOT_CALLED","NO_SOLUTION","NO_SOLUTION","optimize not called","NaN","0.9556460380554199","0.9556460380554199","203522","101761","508805","3000","1.0e-7","300.0","false","","","","","","","","","","","","","logs_madnlp_simples/ex1_320_jump_madnlp.log"
"jump/ex1_160_jump.jl","ex1_160_jump","MadNLP","OK","OPTIMIZE_NOT_CALLED","NO_SOLUTION","NO_SOLUTION","optimize not called","NaN","1.175631046295166","1.175631046295166","50562","25281","126405","3000","1.0e-7","300.0","false","","","","","","","","","","","","","logs_madnlp_simples/ex1_160_jump_madnlp.log"
"jump/ex4_2_160_jump.jl","ex4_2_160_jump","MadNLP","OK","LOCALLY_SOLVED","FEASIBLE_POINT","FEASIBLE_POINT","Optimal Solution Found (tol = 1.0e-07).","3.6462479039438715","19.989925146102905","25.743044137954712","51202","25917","128321","3000","1.0e-7","300.0","false","","","31","3.6462479039438715e+00","2.8628006382039180e-10","1.3125611708630913e-13","","9.0909091872238076e-09","9.0909091872238076e-09","","152958","0","logs_madnlp_simples/ex4_2_160_jump_madnlp.log"
"jump/ex4_2_320_jump.jl","ex4_2_320_jump","MadNLP","OK","OPTIMIZE_NOT_CALLED","NO_SOLUTION","NO_SOLUTION","optimize not called","NaN","546.007336139679","546.007336139679","204802","103037","512641","3000","1.0e-7","300.0","false","","","","","","","","","","","613118","0","logs_madnlp_simples/ex4_2_320_jump_madnlp.log"
"jump/ex4_2_320_jump.jl","ex4_2_320_jump","MadNLP","OK","OPTIMIZE_NOT_CALLED","NO_SOLUTION","NO_SOLUTION","optimize not called","NaN","1045.6709468364716","1045.6709468364716","204802","103037","512641","3000","1.0e-7","300.0","false","","","","","","","","","","","613118","0","logs_madnlp_simples/ex4_2_320_jump_madnlp.log"
"jump/ex8_2_2_jump.jl","ex8_2_2_jump","MadNLP","OK","LOCALLY_SOLVED","FEASIBLE_POINT","FEASIBLE_POINT","Optimal Solution Found (tol = 1.0e-07).","-552.6662346680716","9.845149040222168","16.216698169708252","7511","1947","16967","3000","1.0e-7","300.0","false","","","67","-5.5266623466807164e+02","9.1945077444050215e-09","5.3430593283110284e-12","","1.1273988192398774e-08","1.1273988192398774e-08","","15144","22506","logs_madnlp_simples/ex8_2_2_jump_madnlp.log"
"jump/ex8_2_3_jump.jl","ex8_2_3_jump","MadNLP","OK","LOCALLY_SOLVED","FEASIBLE_POINT","FEASIBLE_POINT","Optimal Solution Found (tol = 1.0e-07).","-3731.0792491647476","10.736499786376953","16.96452784538269","15637","3155","34427","3000","1.0e-7","300.0","false","","","61","-3.7310792491647476e+03","1.0233366795494686e-08","2.5677741183338654e-11","","1.1927715720209668e-08","1.1927715720209668e-08","","31310","46881","logs_madnlp_simples/ex8_2_3_jump_madnlp.log"
"jump/qcqp_corrigidos/qcqp1000-1c_jump.jl","qcqp1000-1c_jump","MadNLP","OK","LOCALLY_SOLVED","FEASIBLE_POINT","FEASIBLE_POINT","Optimal Solution Found (tol = 1.0e-07).","-46.427954023444705","4.564291954040527","9.02812385559082","1000","1","2001","3000","1.0e-7","300.0","false","","","5","-4.6427954023444705e+01","4.1071818051433363e-10","1.6065541785792448e-08","","4.0549451241872696e-08","4.0549451241872696e-08","","2020","3498","logs_madnlp_simples/qcqp1000-1c_jump_madnlp.log"
"jump/qcqp_corrigidos/qcqp1000-1nc_jump.jl","qcqp1000-1nc_jump","MadNLP","OK","LOCALLY_SOLVED","FEASIBLE_POINT","FEASIBLE_POINT","Optimal Solution Found (tol = 1.0e-07).","-782.2509014826212","4.896356105804443","9.35179591178894","1000","1","2001","3000","1.0e-7","300.0","false","","","226","-7.8225090148262120e+02","2.0289499641980460e-13","2.6890347726293840e-09","","9.8445159214925174e-09","9.8445159214925174e-09","","2019","3497","logs_madnlp_simples/qcqp1000-1nc_jump_madnlp.log"
"jump/qcqp_corrigidos/qcqp1000-2c_jump.jl","qcqp1000-2c_jump","MadNLP","OK","LOCALLY_SOLVED","FEASIBLE_POINT","FEASIBLE_POINT","Optimal Solution Found (tol = 1.0e-07).","-43.90063099221327","4.562813997268677","9.021108150482178","1000","2","2002","3000","1.0e-7","300.0","false","","","5","-4.3900630992213273e+01","1.8064252220315979e-09","5.8824731752338266e-08","","7.1551236591970163e-08","7.1551236591970163e-08","","4037","4998","logs_madnlp_simples/qcqp1000-2c_jump_madnlp.log"
"jump/qcqp_corrigidos/qcqp1000-2nc_jump.jl","qcqp1000-2nc_jump","MadNLP","OK","LOCALLY_SOLVED","FEASIBLE_POINT","FEASIBLE_POINT","Optimal Solution Found (tol = 1.0e-07).","-789.4916012399341","5.118918180465698","9.551718950271606","1000","2","2002","3000","1.0e-7","300.0","false","","","246","-7.8949160123993408e+02","2.4022365265426956e-13","2.3169377527665347e-09","","9.9582989401385007e-09","9.9582989401385007e-09","","4040","4999","logs_madnlp_simples/qcqp1000-2nc_jump_madnlp.log"
"jump/qcqp_corrigidos/qcqp1500-1c_jump.jl","qcqp1500-1c_jump","MadNLP","OK","LOCALLY_SOLVED","FEASIBLE_POINT","FEASIBLE_POINT","Optimal Solution Found (tol = 1.0e-07).","-65.91439731398579","4.6065709590911865","9.072426080703735","1500","1","3001","3000","1.0e-7","300.0","false","","","5","-6.5914397313985788e+01","8.6600462960405372e-10","2.6229294292079430e-08","","6.1621742235356705e-08","6.1621742235356705e-08","","3762","6368","logs_madnlp_simples/qcqp1500-1c_jump_madnlp.log"
"jump/qcqp_corrigidos/qcqp1500-1nc_jump.jl","qcqp1500-1nc_jump","MadNLP","OK","LOCALLY_SOLVED","FEASIBLE_POINT","FEASIBLE_POINT","Optimal Solution Found (tol = 1.0e-07).","-1179.1011447120093","6.179654121398926","10.64705491065979","1500","1","3001","3000","1.0e-7","300.0","false","","","271","-1.1791011447120093e+03","9.0938428934721584e-16","4.3200998334214091e-12","","9.0918252452973353e-09","9.0918252452973353e-09","","3770","6372","logs_madnlp_simples/qcqp1500-1nc_jump_madnlp.log"
"jump/qcqp_corrigidos/qcqp500-3c_jump.jl","qcqp500-3c_jump","MadNLP","OK","LOCALLY_SOLVED","FEASIBLE_POINT","FEASIBLE_POINT","Optimal Solution Found (tol = 1.0e-07).","-21.556048163174044","4.5955328941345215","9.035830020904541","500","3","1003","3000","1.0e-7","300.0","false","","","5","-2.1556048163174044e+01","6.3606547295480634e-10","1.4213174637234260e-08","","1.9229380373786800e-08","1.9229380373786800e-08","","3053","3247","logs_madnlp_simples/qcqp500-3c_jump_madnlp.log"
"jump/qcqp_corrigidos/qcqp500-3nc_jump.jl","qcqp500-3nc_jump","MadNLP","OK","LOCALLY_SOLVED","FEASIBLE_POINT","FEASIBLE_POINT","Optimal Solution Found (tol = 1.0e-07).","-400.14482940198553","4.748939037322998","9.209563970565796","500","3","1003","3000","1.0e-7","300.0","false","","","158","-4.0014482940198553e+02","1.1824604796613975e-13","3.4162894735345617e-10","","9.1037024114993750e-09","9.1037024114993750e-09","","3058","3249","logs_madnlp_simples/qcqp500-3nc_jump_madnlp.log"
"jump/qcqp_corrigidos/qcqp750-2c_jump.jl","qcqp750-2c_jump","MadNLP","OK","LOCALLY_SOLVED","FEASIBLE_POINT","FEASIBLE_POINT","Optimal Solution Found (tol = 1.0e-07).","-32.757223601581025","4.586522102355957","9.051192998886108","750","2","1502","3000","1.0e-7","300.0","false","","","5","-3.2757223601581025e+01","1.6228753756238384e-09","3.7204245018074289e-08","","5.1393908633245703e-08","5.1393908633245703e-08","","3038","3748","logs_madnlp_simples/qcqp750-2c_jump_madnlp.log"
"jump/qcqp_corrigidos/qcqp750-2nc_jump.jl","qcqp750-2nc_jump","MadNLP","OK","LOCALLY_SOLVED","FEASIBLE_POINT","FEASIBLE_POINT","Optimal Solution Found (tol = 1.0e-07).","-588.7057150977962","4.863911867141724","9.294800043106079","750","2","1502","3000","1.0e-7","300.0","false","","","207","-5.8870571509779620e+02","1.2520740455931265e-13","2.6238922146148980e-10","","9.1726833058126664e-09","9.1726833058126664e-09","","3039","3747","logs_madnlp_simples/qcqp750-2nc_jump_madnlp.log"
