ordem,problema,arquivo_mod
1,arki0003,arki0003.mod
2,arki0009,arki0009.mod
3,bearing_400,bearing_400.mod
4,camshape_6400,camshape_6400.mod
5,clnlbeam,clnlbeam.mod
6,cont5_1_l,cont5_1_l.mod
7,cont5_2_1_l,cont5_2_1_l.mod
8,cont5_2_2_l,cont5_2_2_l.mod
9,cont5_2_3_l,cont5_2_3_l.mod
10,cont5_2_4_l,cont5_2_4_l.mod
11,corkscrw,corkscrw.mod
12,dirichlet120,dirichlet120.mod
13,dtoc1nd,dtoc1nd.mod
14,dtoc2,dtoc2.mod
15,elec_400,elec_400.mod
16,ex1_160,ex1_160.mod
17,ex1_320,ex1_320.mod
18,ex4_2_160,ex4_2_160.mod
19,ex4_2_320,ex4_2_320.mod
20,ex8_2_2,ex8_2_2.mod
21,ex8_2_3,ex8_2_3.mod
22,gasoil_3200,gasoil_3200.mod
23,henon120,henon120.mod
24,lane_emden120,lane_emden120.mod
25,marine_1600,marine_1600.mod
26,NARX_CFy,NARX_CFy.mod
27,nql180,nql180.mod
28,optmass,optmass.mod
29,pinene_3200,pinene_3200.mod
30,qcqp500-3c,qcqp500-3c.mod
31,qcqp500-3nc,qcqp500-3nc.mod
32,qcqp750-2c,qcqp750-2c.mod
33,qcqp750-2nc,qcqp750-2nc.mod
34,qcqp1000-1nc,qcqp1000-1nc.mod
35,qcqp1000-2c,qcqp1000-2c.mod
36,qcqp1000-2nc,qcqp1000-2nc.mod
37,qcqp1500-1c,qcqp1500-1c.mod
38,qcqp1500-1nc,qcqp1500-1nc.mod
39,qssp180,qssp180.mod
40,robot_1600,robot_1600.mod
41,robot_a,robot_a.mod
42,robot_b,robot_b.mod
43,robot_c,robot_c.mod
44,rocket_12800,rocket_12800.mod
45,steering_12800,steering_12800.mod
46,svanberg,svanberg.mod
47,WM_CFy,WM_CFy.mod
